profile,date_time,latitude,longitude,depth,1,water_dir,V_x,V_y,V_z,6,7,8,9,10,11,flag
1,2022-05-09 12:01:05,36.8107767,-121.7843867,0.9,2.40,343.072,-0.7,2.3,-0.3,0.0,143.0,138.0,144.0,0.0,100.0,0.0
1,2022-05-09 12:01:05,36.8107767,-121.7843867,1.4,9.03,320.845,-5.7,7.0,3.8,0.0,140.0,135.0,143.0,0.0,100.0,0.02
1,2022-05-09 12:01:05,36.8107767,-121.7843867,1.9,6.84,334.933,-2.9,6.2,-0.4,0.0,134.0,128.0,138.0,0.0,100.0,0.01
1,2022-05-09 12:01:05,36.8107767,-121.7843867,2.4,1.77,106.390,1.7,-0.5,-1.0,0.0,125.0,125.0,128.0,0.0,100.0,-0.0
1,2022-05-09 12:01:05,36.8107767,-121.7843867,2.9,10.83,348.275,-2.2,10.6,-0.9,0.0,123.0,122.0,124.0,0.0,100.0,0.02
1,2022-05-09 12:01:05,36.8107767,-121.7843867,3.4,9.71,298.940,-8.5,4.7,1.8,0.0,117.0,116.0,118.0,0.0,100.0,0.02
1,2022-05-09 12:01:05,36.8107767,-121.7843867,3.9,17.59,194.826,-4.5,-17.0,0.0,0.0,112.0,116.0,113.0,0.0,100.0,-0.02
1,2022-05-09 12:01:05,36.8107767,-121.7843867,4.4,7.70,65.433,7.0,3.2,-1.9,0.0,111.0,113.0,110.0,0.0,100.0,-0.0
1,2022-05-09 12:01:05,36.8107767,-121.7843867,4.9,3.49,27.300,1.6,3.1,-2.4,0.0,107.0,108.0,111.0,0.0,100.0,0.0
1,2022-05-09 12:01:05,36.8107767,-121.7843867,5.4,10.49,349.011,nan,nan,nan,0.0,105.0,105.0,184.0,0.0,100.0,2147483647.0
1,2022-05-09 12:01:05,36.8107767,-121.7843867,5.9,3.20,290.136,nan,nan,nan,0.0,100.0,101.0,199.0,0.0,100.0,2147483647.0
1,2022-05-09 12:01:05,36.8107767,-121.7843867,6.4,3.18,43.727,nan,nan,nan,0.0,99.0,96.0,119.0,0.0,100.0,2147483647.0
1,2022-05-09 12:01:05,36.8107767,-121.7843867,6.9,6.87,196.060,nan,nan,nan,0.0,95.0,91.0,55.0,0.0,100.0,2147483647.0
1,2022-05-09 12:01:05,36.8107767,-121.7843867,7.4,15.80,53.493,nan,nan,nan,0.0,109.0,90.0,41.0,0.0,100.0,2147483647.0
1,2022-05-09 12:01:05,36.8107767,-121.7843867,7.9,14.77,5.440,nan,nan,nan,0.0,161.0,101.0,36.0,0.0,100.0,2147483647.0
1,2022-05-09 12:01:05,36.8107767,-121.7843867,8.4,32.35,30.052,nan,nan,nan,0.0,185.0,156.0,34.0,0.0,100.0,2147483647.0
1,2022-05-09 12:01:05,36.8107767,-121.7843867,8.9,27.50,68.005,nan,nan,nan,0.0,130.0,167.0,34.0,0.0,100.0,2147483647.0
1,2022-05-09 12:01:05,36.8107767,-121.7843867,9.4,17.66,26.565,nan,nan,nan,0.0,67.0,138.0,33.0,0.0,100.0,2147483647.0
1,2022-05-09 12:01:05,36.8107767,-121.7843867,9.9,38.38,12.950,nan,nan,nan,0.0,44.0,71.0,33.0,0.0,100.0,2147483647.0
1,2022-05-09 12:01:05,36.8107767,-121.7843867,10.4,21.21,339.001,nan,nan,nan,0.0,36.0,46.0,34.0,0.0,100.0,2147483647.0
1,2022-05-09 12:01:05,36.8107767,-121.7843867,10.9,29.38,11.386,nan,nan,nan,0.0,34.0,38.0,40.0,0.0,100.0,2147483647.0
1,2022-05-09 12:01:05,36.8107767,-121.7843867,11.4,43.67,288.559,nan,nan,nan,0.0,33.0,34.0,59.0,0.0,100.0,2147483647.0
2,2022-05-09 12:01:11,36.8107667,-121.7843883,0.9,8.80,359.349,-0.1,8.8,1.7,0.0,145.0,142.0,145.0,0.0,100.0,0.05
2,2022-05-09 12:01:11,36.8107667,-121.7843883,1.4,5.19,213.996,-2.9,-4.3,4.9,0.0,139.0,140.0,139.0,0.0,100.0,-0.02
2,2022-05-09 12:01:11,36.8107667,-121.7843883,1.9,5.29,157.797,2.0,-4.9,-1.0,0.0,131.0,133.0,133.0,0.0,100.0,-0.03
2,2022-05-09 12:01:11,36.8107667,-121.7843883,2.4,9.45,293.039,-8.7,3.7,0.3,0.0,126.0,126.0,130.0,0.0,100.0,0.03
2,2022-05-09 12:01:11,36.8107667,-121.7843883,2.9,8.86,334.592,-3.8,8.0,-1.9,0.0,122.0,120.0,123.0,0.0,100.0,0.05
2,2022-05-09 12:01:11,36.8107667,-121.7843883,3.4,3.20,51.340,2.5,2.0,-0.9,0.0,116.0,117.0,116.0,0.0,100.0,0.01
2,2022-05-09 12:01:11,36.8107667,-121.7843883,3.9,1.22,214.992,-0.7,-1.0,-1.2,0.0,112.0,110.0,116.0,0.0,100.0,-0.0
2,2022-05-09 12:01:11,36.8107667,-121.7843883,4.4,6.29,225.644,-4.5,-4.4,-0.5,0.0,110.0,111.0,110.0,0.0,100.0,-0.02
2,2022-05-09 12:01:11,36.8107667,-121.7843883,4.9,20.13,27.838,9.4,17.8,0.1,0.0,109.0,108.0,106.0,0.0,100.0,0.08
2,2022-05-09 12:01:11,36.8107667,-121.7843883,5.4,14.63,335.362,-6.1,13.3,3.6,0.0,102.0,104.0,135.0,0.0,100.0,0.08
2,2022-05-09 12:01:11,36.8107667,-121.7843883,5.9,5.51,168.486,nan,nan,nan,0.0,101.0,100.0,196.0,0.0,100.0,2147483647.0
2,2022-05-09 12:01:11,36.8107667,-121.7843883,6.4,2.98,219.560,nan,nan,nan,0.0,101.0,97.0,203.0,0.0,100.0,2147483647.0
2,2022-05-09 12:01:11,36.8107667,-121.7843883,6.9,22.65,23.962,nan,nan,nan,0.0,94.0,92.0,80.0,0.0,100.0,2147483647.0
2,2022-05-09 12:01:11,36.8107667,-121.7843883,7.4,11.73,235.768,nan,nan,nan,0.0,90.0,120.0,51.0,0.0,100.0,2147483647.0
2,2022-05-09 12:01:11,36.8107667,-121.7843883,7.9,9.98,52.326,nan,nan,nan,0.0,90.0,162.0,42.0,0.0,100.0,2147483647.0
2,2022-05-09 12:01:11,36.8107667,-121.7843883,8.4,15.49,348.835,nan,nan,nan,0.0,148.0,172.0,36.0,0.0,100.0,2147483647.0
2,2022-05-09 12:01:11,36.8107667,-121.7843883,8.9,8.22,323.409,nan,nan,nan,0.0,172.0,139.0,34.0,0.0,100.0,2147483647.0
2,2022-05-09 12:01:11,36.8107667,-121.7843883,9.4,22.41,303.903,nan,nan,nan,0.0,160.0,68.0,35.0,0.0,100.0,2147483647.0
2,2022-05-09 12:01:11,36.8107667,-121.7843883,9.9,28.58,43.582,nan,nan,nan,0.0,73.0,46.0,34.0,0.0,100.0,2147483647.0
2,2022-05-09 12:01:11,36.8107667,-121.7843883,10.4,0.86,125.538,nan,nan,nan,0.0,44.0,38.0,34.0,0.0,100.0,2147483647.0
2,2022-05-09 12:01:11,36.8107667,-121.7843883,10.9,35.04,70.841,nan,nan,nan,0.0,35.0,35.0,34.0,0.0,100.0,2147483647.0
2,2022-05-09 12:01:11,36.8107667,-121.7843883,11.4,27.44,95.856,nan,nan,nan,0.0,33.0,34.0,37.0,0.0,100.0,2147483647.0
3,2022-05-09 12:01:17,36.810755,-121.7843800,0.9,10.02,206.053,-4.4,-9.0,-0.2,0.0,143.0,142.0,152.0,0.0,100.0,-0.06
3,2022-05-09 12:01:17,36.810755,-121.7843800,1.4,2.30,272.490,-2.3,0.1,0.2,0.0,138.0,137.0,142.0,0.0,100.0,0.01
3,2022-05-09 12:01:17,36.810755,-121.7843800,1.9,8.49,285.018,-8.2,2.2,-1.2,0.0,130.0,134.0,133.0,0.0,100.0,0.04
3,2022-05-09 12:01:17,36.810755,-121.7843800,2.4,4.32,227.816,-3.2,-2.9,0.8,0.0,126.0,126.0,128.0,0.0,100.0,-0.02
3,2022-05-09 12:01:17,36.810755,-121.7843800,2.9,13.95,296.381,-12.5,6.2,-0.6,0.0,120.0,121.0,125.0,0.0,100.0,0.08
3,2022-05-09 12:01:17,36.810755,-121.7843800,3.4,3.76,64.799,3.4,1.6,1.0,0.0,117.0,118.0,121.0,0.0,100.0,0.0
3,2022-05-09 12:01:17,36.810755,-121.7843800,3.9,8.20,358.603,-0.2,8.2,0.1,0.0,112.0,116.0,116.0,0.0,100.0,0.07
3,2022-05-09 12:01:17,36.810755,-121.7843800,4.4,6.77,34.160,3.8,5.6,-0.8,0.0,106.0,113.0,112.0,0.0,100.0,0.04
3,2022-05-09 12:01:17,36.810755,-121.7843800,4.9,8.45,64.041,7.6,3.7,2.4,0.0,107.0,107.0,111.0,0.0,100.0,0.01
3,2022-05-09 12:01:17,36.810755,-121.7843800,5.4,11.97,9.620,2.0,11.8,2.8,0.0,103.0,105.0,105.0,0.0,100.0,0.09
3,2022-05-09 12:01:17,36.810755,-121.7843800,5.9,8.18,54.951,6.7,4.7,-1.3,0.0,99.0,102.0,109.0,0.0,100.0,0.02
3,2022-05-09 12:01:17,36.810755,-121.7843800,6.4,4.00,91.432,nan,nan,nan,0.0,98.0,97.0,156.0,0.0,100.0,2147483647.0
3,2022-05-09 12:01:17,36.810755,-121.7843800,6.9,4.75,261.529,nan,nan,nan,0.0,95.0,93.0,198.0,0.0,100.0,2147483647.0
3,2022-05-09 12:01:17,36.810755,-121.7843800,7.4,6.66,311.348,nan,nan,nan,0.0,95.0,109.0,148.0,0.0,100.0,2147483647.0
3,2022-05-09 12:01:17,36.810755,-121.7843800,7.9,7.22,132.754,nan,nan,nan,0.0,92.0,161.0,70.0,0.0,100.0,2147483647.0
3,2022-05-09 12:01:17,36.810755,-121.7843800,8.4,17.75,46.141,nan,nan,nan,0.0,108.0,178.0,46.0,0.0,100.0,2147483647.0
3,2022-05-09 12:01:17,36.810755,-121.7843800,8.9,8.93,170.327,nan,nan,nan,0.0,166.0,142.0,38.0,0.0,100.0,2147483647.0
3,2022-05-09 12:01:17,36.810755,-121.7843800,9.4,16.78,145.931,nan,nan,nan,0.0,180.0,66.0,36.0,0.0,100.0,2147483647.0
3,2022-05-09 12:01:17,36.810755,-121.7843800,9.9,23.21,330.010,nan,nan,nan,0.0,123.0,44.0,35.0,0.0,100.0,2147483647.0
3,2022-05-09 12:01:17,36.810755,-121.7843800,10.4,25.80,212.335,nan,nan,nan,0.0,52.0,37.0,34.0,0.0,100.0,2147483647.0
3,2022-05-09 12:01:17,36.810755,-121.7843800,10.9,11.71,349.170,nan,nan,nan,0.0,38.0,36.0,34.0,0.0,100.0,2147483647.0
3,2022-05-09 12:01:17,36.810755,-121.7843800,11.4,13.31,288.843,nan,nan,nan,0.0,35.0,34.0,35.0,0.0,100.0,2147483647.0
4,2022-05-09 12:01:23,36.81074,-121.7843617,0.9,8.35,6.189,0.9,8.3,-2.8,0.0,140.0,145.0,146.0,0.0,100.0,0.08
4,2022-05-09 12:01:23,36.81074,-121.7843617,1.4,12.78,17.301,3.8,12.2,-2.3,0.0,137.0,140.0,140.0,0.0,100.0,0.1
4,2022-05-09 12:01:23,36.81074,-121.7843617,1.9,6.02,15.422,1.6,5.8,-3.3,0.0,130.0,130.0,133.0,0.0,100.0,0.05
4,2022-05-09 12:01:23,36.81074,-121.7843617,2.4,3.28,12.339,0.7,3.2,-2.7,0.0,125.0,127.0,130.0,0.0,100.0,0.03
4,2022-05-09 12:01:23,36.81074,-121.7843617,2.9,6.59,67.714,6.1,2.5,-0.2,0.0,122.0,122.0,124.0,0.0,100.0,-0.01
4,2022-05-09 12:01:23,36.81074,-121.7843617,3.4,8.02,355.711,-0.6,8.0,0.7,0.0,116.0,115.0,119.0,0.0,100.0,0.08
4,2022-05-09 12:01:23,36.81074,-121.7843617,3.9,4.77,56.976,4.0,2.6,-3.0,0.0,111.0,112.0,116.0,0.0,100.0,0.0
4,2022-05-09 12:01:23,36.81074,-121.7843617,4.4,1.58,71.565,1.5,0.5,-4.4,0.0,107.0,108.0,109.0,0.0,100.0,-0.0
4,2022-05-09 12:01:23,36.81074,-121.7843617,4.9,5.83,50.572,4.5,3.7,-2.3,0.0,102.0,109.0,108.0,0.0,100.0,0.01
4,2022-05-09 12:01:23,36.81074,-121.7843617,5.4,12.40,352.589,-1.6,12.3,-1.3,0.0,98.0,102.0,106.0,0.0,100.0,0.13
4,2022-05-09 12:01:23,36.81074,-121.7843617,5.9,7.09,16.390,2.0,6.8,-0.8,0.0,94.0,102.0,104.0,0.0,100.0,0.06
4,2022-05-09 12:01:23,36.81074,-121.7843617,6.4,1.06,48.814,0.8,0.7,-0.3,0.0,95.0,99.0,101.0,0.0,100.0,0.0
4,2022-05-09 12:01:23,36.81074,-121.7843617,6.9,14.52,16.813,4.2,13.9,1.6,0.0,95.0,94.0,106.0,0.0,100.0,0.11
4,2022-05-09 12:01:23,36.81074,-121.7843617,7.4,18.56,311.505,nan,nan,nan,0.0,91.0,91.0,158.0,0.0,100.0,2147483647.0
4,2022-05-09 12:01:23,36.81074,-121.7843617,7.9,10.03,9.181,nan,nan,nan,0.0,86.0,96.0,196.0,0.0,100.0,2147483647.0
4,2022-05-09 12:01:23,36.81074,-121.7843617,8.4,7.62,289.148,nan,nan,nan,0.0,94.0,158.0,148.0,0.0,100.0,2147483647.0
4,2022-05-09 12:01:23,36.81074,-121.7843617,8.9,1.52,203.199,nan,nan,nan,0.0,166.0,177.0,60.0,0.0,100.0,2147483647.0
4,2022-05-09 12:01:23,36.81074,-121.7843617,9.4,16.52,53.616,nan,nan,nan,0.0,177.0,150.0,47.0,0.0,100.0,2147483647.0
4,2022-05-09 12:01:23,36.81074,-121.7843617,9.9,7.83,10.305,nan,nan,nan,0.0,152.0,58.0,38.0,0.0,100.0,2147483647.0
4,2022-05-09 12:01:23,36.81074,-121.7843617,10.4,9.65,55.981,nan,nan,nan,0.0,58.0,41.0,36.0,0.0,100.0,2147483647.0
4,2022-05-09 12:01:23,36.81074,-121.7843617,10.9,15.10,253.846,nan,nan,nan,0.0,39.0,36.0,35.0,0.0,100.0,2147483647.0
4,2022-05-09 12:01:23,36.81074,-121.7843617,11.4,9.60,81.617,nan,nan,nan,0.0,35.0,34.0,35.0,0.0,100.0,2147483647.0
5,2022-05-09 12:01:29,36.81073,-121.7843400,0.9,15.21,333.435,-6.8,13.6,1.0,0.0,144.0,146.0,141.0,0.0,100.0,0.16
5,2022-05-09 12:01:29,36.81073,-121.7843400,1.4,4.03,209.745,-2.0,-3.5,2.5,0.0,139.0,138.0,137.0,0.0,100.0,-0.01
5,2022-05-09 12:01:29,36.81073,-121.7843400,1.9,7.58,36.416,4.5,6.1,1.8,0.0,130.0,133.0,131.0,0.0,100.0,0.0
5,2022-05-09 12:01:29,36.81073,-121.7843400,2.4,4.94,328.241,-2.6,4.2,-2.7,0.0,120.0,129.0,127.0,0.0,100.0,0.05
5,2022-05-09 12:01:29,36.81073,-121.7843400,2.9,3.28,211.264,-1.7,-2.8,-1.0,0.0,118.0,123.0,120.0,0.0,100.0,-0.0
5,2022-05-09 12:01:29,36.81073,-121.7843400,3.4,6.62,153.048,3.0,-5.9,1.0,0.0,116.0,117.0,116.0,0.0,100.0,-0.07
5,2022-05-09 12:01:29,36.81073,-121.7843400,3.9,3.83,56.725,3.2,2.1,0.0,0.0,111.0,114.0,114.0,0.0,100.0,-0.01
5,2022-05-09 12:01:29,36.81073,-121.7843400,4.4,3.50,88.363,3.5,0.1,4.0,0.0,108.0,111.0,109.0,0.0,100.0,-0.03
5,2022-05-09 12:01:29,36.81073,-121.7843400,4.9,5.38,161.565,1.7,-5.1,-2.4,0.0,105.0,106.0,102.0,0.0,100.0,-0.05
5,2022-05-09 12:01:29,36.81073,-121.7843400,5.4,6.22,293.682,-5.7,2.5,1.8,0.0,102.0,104.0,102.0,0.0,100.0,0.07
5,2022-05-09 12:01:29,36.81073,-121.7843400,5.9,9.93,207.597,-4.6,-8.8,0.3,0.0,100.0,101.0,102.0,0.0,100.0,-0.02
5,2022-05-09 12:01:29,36.81073,-121.7843400,6.4,1.92,38.660,1.2,1.5,1.8,0.0,95.0,97.0,102.0,0.0,100.0,0.0
5,2022-05-09 12:01:29,36.81073,-121.7843400,6.9,8.35,135.971,5.8,-6.0,-1.3,0.0,89.0,98.0,100.0,0.0,100.0,-0.09
5,2022-05-09 12:01:29,36.81073,-121.7843400,7.4,3.21,275.356,-3.2,0.3,0.9,0.0,87.0,96.0,96.0,0.0,100.0,0.03
5,2022-05-09 12:01:29,36.81073,-121.7843400,7.9,5.00,2.291,nan,nan,nan,0.0,84.0,94.0,142.0,0.0,100.0,2147483647.0
5,2022-05-09 12:01:29,36.81073,-121.7843400,8.4,9.46,263.326,nan,nan,nan,0.0,93.0,150.0,174.0,0.0,100.0,2147483647.0
5,2022-05-09 12:01:29,36.81073,-121.7843400,8.9,4.25,138.814,nan,nan,nan,0.0,163.0,167.0,190.0,0.0,100.0,2147483647.0
5,2022-05-09 12:01:29,36.81073,-121.7843400,9.4,5.50,160.907,nan,nan,nan,0.0,168.0,179.0,77.0,0.0,100.0,2147483647.0
5,2022-05-09 12:01:29,36.81073,-121.7843400,9.9,17.50,138.475,nan,nan,nan,0.0,156.0,81.0,50.0,0.0,100.0,2147483647.0
5,2022-05-09 12:01:29,36.81073,-121.7843400,10.4,17.05,227.139,nan,nan,nan,0.0,60.0,46.0,42.0,0.0,100.0,2147483647.0
5,2022-05-09 12:01:29,36.81073,-121.7843400,10.9,23.41,178.287,nan,nan,nan,0.0,37.0,36.0,35.0,0.0,100.0,2147483647.0
5,2022-05-09 12:01:29,36.81073,-121.7843400,11.4,11.10,89.484,nan,nan,nan,0.0,33.0,34.0,34.0,0.0,100.0,2147483647.0
6,2022-05-09 12:01:35,36.8107233,-121.7843150,0.9,2.52,236.310,-2.1,-1.4,-1.2,0.0,141.0,144.0,145.0,0.0,100.0,0.01
6,2022-05-09 12:01:35,36.8107233,-121.7843150,1.4,1.60,90.000,1.6,-0.0,-1.4,0.0,139.0,140.0,141.0,0.0,100.0,-0.01
6,2022-05-09 12:01:35,36.8107233,-121.7843150,1.9,9.00,91.909,9.0,-0.3,-6.7,0.0,131.0,134.0,134.0,0.0,100.0,-0.08
6,2022-05-09 12:01:35,36.8107233,-121.7843150,2.4,12.02,341.565,-3.8,11.4,-1.8,0.0,127.0,127.0,126.0,0.0,100.0,0.12
6,2022-05-09 12:01:35,36.8107233,-121.7843150,2.9,3.13,352.648,-0.4,3.1,-2.6,0.0,119.0,118.0,120.0,0.0,100.0,0.03
6,2022-05-09 12:01:35,36.8107233,-121.7843150,3.4,6.78,248.356,-6.3,-2.5,0.7,0.0,116.0,116.0,116.0,0.0,100.0,0.04
6,2022-05-09 12:01:35,36.8107233,-121.7843150,3.9,4.65,288.825,-4.4,1.5,0.6,0.0,114.0,114.0,112.0,0.0,100.0,0.05
6,2022-05-09 12:01:35,36.8107233,-121.7843150,4.4,1.48,151.699,0.7,-1.3,-1.3,0.0,109.0,108.0,108.0,0.0,100.0,-0.02
6,2022-05-09 12:01:35,36.8107233,-121.7843150,4.9,10.31,357.221,-0.5,10.3,-0.6,0.0,106.0,104.0,110.0,0.0,100.0,0.08
6,2022-05-09 12:01:35,36.8107233,-121.7843150,5.4,11.56,37.266,7.0,9.2,-0.9,0.0,100.0,103.0,107.0,0.0,100.0,0.0
6,2022-05-09 12:01:35,36.8107233,-121.7843150,5.9,4.35,113.026,4.0,-1.7,-1.1,0.0,98.0,96.0,103.0,0.0,100.0,-0.05
6,2022-05-09 12:01:35,36.8107233,-121.7843150,6.4,7.58,120.964,6.5,-3.9,-1.8,0.0,94.0,90.0,99.0,0.0,100.0,-0.09
6,2022-05-09 12:01:35,36.8107233,-121.7843150,6.9,11.69,79.651,11.5,2.1,0.7,0.0,95.0,92.0,97.0,0.0,100.0,-0.09
6,2022-05-09 12:01:35,36.8107233,-121.7843150,7.4,3.98,168.408,0.8,-3.9,1.4,0.0,88.0,91.0,95.0,0.0,100.0,-0.04
6,2022-05-09 12:01:35,36.8107233,-121.7843150,7.9,3.71,332.745,-1.7,3.3,1.7,0.0,88.0,90.0,93.0,0.0,100.0,0.04
6,2022-05-09 12:01:35,36.8107233,-121.7843150,8.4,13.17,350.824,nan,nan,nan,0.0,100.0,134.0,153.0,0.0,100.0,2147483647.0
6,2022-05-09 12:01:35,36.8107233,-121.7843150,8.9,3.99,337.932,nan,nan,nan,0.0,168.0,168.0,174.0,0.0,100.0,2147483647.0
6,2022-05-09 12:01:35,36.8107233,-121.7843150,9.4,1.77,312.709,nan,nan,nan,0.0,173.0,181.0,172.0,0.0,100.0,2147483647.0
6,2022-05-09 12:01:35,36.8107233,-121.7843150,9.9,8.86,126.741,nan,nan,nan,0.0,146.0,105.0,68.0,0.0,100.0,2147483647.0
6,2022-05-09 12:01:35,36.8107233,-121.7843150,10.4,9.12,80.538,nan,nan,nan,0.0,55.0,49.0,42.0,0.0,100.0,2147483647.0
6,2022-05-09 12:01:35,36.8107233,-121.7843150,10.9,3.90,0.000,nan,nan,nan,0.0,37.0,37.0,36.0,0.0,100.0,2147483647.0
6,2022-05-09 12:01:35,36.8107233,-121.7843150,11.4,25.52,119.076,nan,nan,nan,0.0,33.0,34.0,35.0,0.0,100.0,2147483647.0
7,2022-05-09 12:01:41,36.8107183,-121.7842883,0.9,15.21,294.880,-13.8,6.4,1.8,0.0,144.0,145.0,147.0,0.0,100.0,0.19
7,2022-05-09 12:01:41,36.8107183,-121.7842883,1.4,16.26,322.496,-9.9,12.9,1.9,0.0,135.0,139.0,142.0,0.0,100.0,0.19
7,2022-05-09 12:01:41,36.8107183,-121.7842883,1.9,12.30,301.363,-10.5,6.4,0.8,0.0,129.0,133.0,133.0,0.0,100.0,0.16
7,2022-05-09 12:01:41,36.8107183,-121.7842883,2.4,11.26,217.786,-6.9,-8.9,1.1,0.0,126.0,127.0,126.0,0.0,100.0,0.02
7,2022-05-09 12:01:41,36.8107183,-121.7842883,2.9,24.95,282.031,-24.4,5.2,4.1,0.0,119.0,120.0,122.0,0.0,100.0,0.3
7,2022-05-09 12:01:41,36.8107183,-121.7842883,3.4,9.67,330.255,-4.8,8.4,1.8,0.0,114.0,115.0,115.0,0.0,100.0,0.11
7,2022-05-09 12:01:41,36.8107183,-121.7842883,3.9,7.47,262.304,-7.4,-1.0,-0.0,0.0,114.0,113.0,114.0,0.0,100.0,0.07
7,2022-05-09 12:01:41,36.8107183,-121.7842883,4.4,4.90,16.587,1.4,4.7,2.3,0.0,111.0,108.0,111.0,0.0,100.0,0.02
7,2022-05-09 12:01:41,36.8107183,-121.7842883,4.9,9.92,347.784,-2.1,9.7,0.4,0.0,106.0,104.0,110.0,0.0,100.0,0.09
7,2022-05-09 12:01:41,36.8107183,-121.7842883,5.4,4.16,279.689,-4.1,0.7,1.8,0.0,102.0,99.0,107.0,0.0,100.0,0.05
7,2022-05-09 12:01:41,36.8107183,-121.7842883,5.9,6.49,28.540,3.1,5.7,-2.4,0.0,104.0,100.0,98.0,0.0,100.0,0.0
7,2022-05-09 12:01:41,36.8107183,-121.7842883,6.4,6.87,317.951,-4.6,5.1,-3.8,0.0,101.0,101.0,97.0,0.0,100.0,0.08
7,2022-05-09 12:01:41,36.8107183,-121.7842883,6.9,11.61,247.190,-10.7,-4.5,-1.5,0.0,98.0,97.0,91.0,0.0,100.0,0.09
7,2022-05-09 12:01:41,36.8107183,-121.7842883,7.4,7.21,267.614,-7.2,-0.3,-0.2,0.0,92.0,91.0,84.0,0.0,100.0,0.08
7,2022-05-09 12:01:41,36.8107183,-121.7842883,7.9,1.51,187.595,-0.2,-1.5,4.1,0.0,86.0,87.0,84.0,0.0,100.0,-0.01
7,2022-05-09 12:01:41,36.8107183,-121.7842883,8.4,6.74,108.166,nan,nan,nan,0.0,111.0,117.0,110.0,0.0,100.0,2147483647.0
7,2022-05-09 12:01:41,36.8107183,-121.7842883,8.9,1.41,315.000,nan,nan,nan,0.0,165.0,160.0,162.0,0.0,100.0,2147483647.0
7,2022-05-09 12:01:41,36.8107183,-121.7842883,9.4,4.09,68.459,nan,nan,nan,0.0,171.0,172.0,172.0,0.0,100.0,2147483647.0
7,2022-05-09 12:01:41,36.8107183,-121.7842883,9.9,3.71,93.094,nan,nan,nan,0.0,134.0,131.0,139.0,0.0,100.0,2147483647.0
7,2022-05-09 12:01:41,36.8107183,-121.7842883,10.4,6.94,36.209,nan,nan,nan,0.0,53.0,56.0,55.0,0.0,100.0,2147483647.0
7,2022-05-09 12:01:41,36.8107183,-121.7842883,10.9,22.23,99.844,nan,nan,nan,0.0,37.0,38.0,40.0,0.0,100.0,2147483647.0
7,2022-05-09 12:01:41,36.8107183,-121.7842883,11.4,11.30,180.000,nan,nan,nan,0.0,33.0,33.0,36.0,0.0,100.0,2147483647.0
8,2022-05-09 12:01:47,36.8107133,-121.7842567,0.9,7.64,186.009,-0.8,-7.6,4.6,0.0,140.0,145.0,143.0,0.0,100.0,-0.07
8,2022-05-09 12:01:47,36.8107133,-121.7842567,1.4,13.76,325.963,-7.7,11.4,2.9,0.0,137.0,138.0,138.0,0.0,100.0,0.19
8,2022-05-09 12:01:47,36.8107133,-121.7842567,1.9,11.43,278.556,-11.3,1.7,2.0,0.0,132.0,131.0,131.0,0.0,100.0,0.13
8,2022-05-09 12:01:47,36.8107133,-121.7842567,2.4,10.74,122.062,9.1,-5.7,3.0,0.0,130.0,128.0,129.0,0.0,100.0,-0.15
8,2022-05-09 12:01:47,36.8107133,-121.7842567,2.9,5.70,267.990,-5.7,-0.2,-1.5,0.0,126.0,121.0,123.0,0.0,100.0,0.05
8,2022-05-09 12:01:47,36.8107133,-121.7842567,3.4,7.24,69.814,6.8,2.5,0.3,0.0,118.0,118.0,116.0,0.0,100.0,-0.04
8,2022-05-09 12:01:47,36.8107133,-121.7842567,3.9,8.82,266.100,-8.8,-0.6,-0.1,0.0,113.0,114.0,110.0,0.0,100.0,0.08
8,2022-05-09 12:01:47,36.8107133,-121.7842567,4.4,4.66,215.395,-2.7,-3.8,-0.7,0.0,111.0,111.0,109.0,0.0,100.0,-0.01
8,2022-05-09 12:01:47,36.8107133,-121.7842567,4.9,3.53,295.115,-3.2,1.5,-0.6,0.0,111.0,119.0,107.0,0.0,100.0,0.05
8,2022-05-09 12:01:47,36.8107133,-121.7842567,5.4,12.66,301.430,-10.8,6.6,-3.5,0.0,109.0,124.0,104.0,0.0,100.0,0.17
8,2022-05-09 12:01:47,36.8107133,-121.7842567,5.9,5.42,330.124,-2.7,4.7,-2.7,0.0,102.0,126.0,100.0,0.0,100.0,0.07
8,2022-05-09 12:01:47,36.8107133,-121.7842567,6.4,20.55,321.122,-12.9,16.0,1.7,0.0,96.0,101.0,98.0,0.0,100.0,0.29
8,2022-05-09 12:01:47,36.8107133,-121.7842567,6.9,2.65,169.114,0.5,-2.6,-2.7,0.0,93.0,85.0,96.0,0.0,100.0,-0.03
8,2022-05-09 12:01:47,36.8107133,-121.7842567,7.4,10.42,298.040,-9.2,4.9,-0.4,0.0,89.0,86.0,92.0,0.0,100.0,0.14
8,2022-05-09 12:01:47,36.8107133,-121.7842567,7.9,17.52,246.801,-16.1,-6.9,-0.5,0.0,82.0,85.0,88.0,0.0,100.0,0.09
8,2022-05-09 12:01:47,36.8107133,-121.7842567,8.4,24.87,265.619,nan,nan,nan,0.0,115.0,94.0,108.0,0.0,100.0,2147483647.0
8,2022-05-09 12:01:47,36.8107133,-121.7842567,8.9,5.34,308.157,nan,nan,nan,0.0,165.0,158.0,160.0,0.0,100.0,2147483647.0
8,2022-05-09 12:01:47,36.8107133,-121.7842567,9.4,8.43,175.236,nan,nan,nan,0.0,175.0,166.0,165.0,0.0,100.0,2147483647.0
8,2022-05-09 12:01:47,36.8107133,-121.7842567,9.9,14.73,301.964,nan,nan,nan,0.0,134.0,163.0,149.0,0.0,100.0,2147483647.0
8,2022-05-09 12:01:47,36.8107133,-121.7842567,10.4,10.49,228.865,nan,nan,nan,0.0,51.0,69.0,62.0,0.0,100.0,2147483647.0
8,2022-05-09 12:01:47,36.8107133,-121.7842567,10.9,10.46,186.038,nan,nan,nan,0.0,36.0,41.0,41.0,0.0,100.0,2147483647.0
8,2022-05-09 12:01:47,36.8107133,-121.7842567,11.4,18.23,99.152,nan,nan,nan,0.0,33.0,36.0,35.0,0.0,100.0,2147483647.0
9,2022-05-09 12:01:53,36.81071,-121.7842350,0.9,7.60,268.493,-7.6,-0.2,1.3,0.0,141.0,140.0,141.0,0.0,100.0,0.08
9,2022-05-09 12:01:53,36.81071,-121.7842350,1.4,6.54,321.203,-4.1,5.1,-0.6,0.0,136.0,137.0,140.0,0.0,100.0,0.08
9,2022-05-09 12:01:53,36.81071,-121.7842350,1.9,10.75,264.661,-10.7,-1.0,0.9,0.0,130.0,129.0,134.0,0.0,100.0,0.1
9,2022-05-09 12:01:53,36.81071,-121.7842350,2.4,3.92,174.144,0.4,-3.9,0.9,0.0,123.0,125.0,126.0,0.0,100.0,-0.03
9,2022-05-09 12:01:53,36.81071,-121.7842350,2.9,8.85,228.205,-6.6,-5.9,-0.6,0.0,121.0,121.0,124.0,0.0,100.0,0.03
9,2022-05-09 12:01:53,36.81071,-121.7842350,3.4,4.32,166.608,1.0,-4.2,-1.2,0.0,115.0,117.0,120.0,0.0,100.0,-0.04
9,2022-05-09 12:01:53,36.81071,-121.7842350,3.9,12.42,193.029,-2.8,-12.1,-3.2,0.0,113.0,116.0,116.0,0.0,100.0,-0.05
9,2022-05-09 12:01:53,36.81071,-121.7842350,4.4,8.30,201.930,-3.1,-7.7,0.6,0.0,113.0,115.0,112.0,0.0,100.0,-0.02
9,2022-05-09 12:01:53,36.81071,-121.7842350,4.9,10.06,228.225,-7.5,-6.7,0.6,0.0,109.0,111.0,110.0,0.0,100.0,0.03
9,2022-05-09 12:01:53,36.81071,-121.7842350,5.4,15.12,163.482,4.3,-14.5,-0.5,0.0,105.0,110.0,106.0,0.0,100.0,-0.14
9,2022-05-09 12:01:53,36.81071,-121.7842350,5.9,13.55,205.809,-5.9,-12.2,2.3,0.0,98.0,104.0,104.0,0.0,100.0,-0.02
9,2022-05-09 12:01:53,36.81071,-121.7842350,6.4,16.09,195.505,-4.3,-15.5,2.1,0.0,94.0,100.0,99.0,0.0,100.0,-0.06
9,2022-05-09 12:01:53,36.81071,-121.7842350,6.9,15.80,240.840,-13.8,-7.7,-0.3,0.0,89.0,100.0,96.0,0.0,100.0,0.09
9,2022-05-09 12:01:53,36.81071,-121.7842350,7.4,15.01,272.291,-15.0,0.6,1.9,0.0,87.0,95.0,95.0,0.0,100.0,0.16
9,2022-05-09 12:01:53,36.81071,-121.7842350,7.9,7.83,194.036,-1.9,-7.6,-0.1,0.0,84.0,93.0,91.0,0.0,100.0,-0.03
9,2022-05-09 12:01:53,36.81071,-121.7842350,8.4,10.65,165.311,nan,nan,nan,0.0,123.0,102.0,119.0,0.0,100.0,2147483647.0
9,2022-05-09 12:01:53,36.81071,-121.7842350,8.9,3.91,230.194,nan,nan,nan,0.0,170.0,161.0,171.0,0.0,100.0,2147483647.0
9,2022-05-09 12:01:53,36.81071,-121.7842350,9.4,3.48,198.435,nan,nan,nan,0.0,179.0,164.0,178.0,0.0,100.0,2147483647.0
9,2022-05-09 12:01:53,36.81071,-121.7842350,9.9,11.59,25.017,nan,nan,nan,0.0,130.0,161.0,145.0,0.0,100.0,2147483647.0
9,2022-05-09 12:01:53,36.81071,-121.7842350,10.4,7.24,197.684,nan,nan,nan,0.0,50.0,76.0,61.0,0.0,100.0,2147483647.0
9,2022-05-09 12:01:53,36.81071,-121.7842350,10.9,21.81,144.707,nan,nan,nan,0.0,36.0,44.0,42.0,0.0,100.0,2147483647.0
9,2022-05-09 12:01:53,36.81071,-121.7842350,11.4,24.99,77.521,nan,nan,nan,0.0,33.0,36.0,36.0,0.0,100.0,2147483647.0
10,2022-05-09 12:01:59,36.8107,-121.7842033,0.9,14.07,225.864,-10.1,-9.8,-4.0,0.0,137.0,134.0,143.0,0.0,100.0,0.02
10,2022-05-09 12:01:59,36.8107,-121.7842033,1.4,2.20,300.069,-1.9,1.1,-0.8,0.0,132.0,134.0,136.0,0.0,100.0,0.03
10,2022-05-09 12:01:59,36.8107,-121.7842033,1.9,12.01,237.236,-10.1,-6.5,-0.3,0.0,129.0,131.0,132.0,0.0,100.0,0.05
10,2022-05-09 12:01:59,36.8107,-121.7842033,2.4,14.77,240.832,-12.9,-7.2,-1.5,0.0,124.0,124.0,129.0,0.0,100.0,0.07
10,2022-05-09 12:01:59,36.8107,-121.7842033,2.9,10.46,6.038,1.1,10.4,-3.3,0.0,117.0,121.0,122.0,0.0,100.0,0.08
10,2022-05-09 12:01:59,36.8107,-121.7842033,3.4,12.87,78.341,12.6,2.6,-1.5,0.0,114.0,121.0,117.0,0.0,100.0,-0.1
10,2022-05-09 12:01:59,36.8107,-121.7842033,3.9,13.60,160.233,4.6,-12.8,-1.2,0.0,112.0,119.0,114.0,0.0,100.0,-0.16
10,2022-05-09 12:01:59,36.8107,-121.7842033,4.4,10.49,221.135,-6.9,-7.9,-2.0,0.0,109.0,112.0,111.0,0.0,100.0,0.0
10,2022-05-09 12:01:59,36.8107,-121.7842033,4.9,12.85,200.973,-4.6,-12.0,-0.4,0.0,105.0,105.0,112.0,0.0,100.0,-0.06
10,2022-05-09 12:01:59,36.8107,-121.7842033,5.4,2.69,248.199,-2.5,-1.0,-0.4,0.0,101.0,104.0,107.0,0.0,100.0,0.02
10,2022-05-09 12:01:59,36.8107,-121.7842033,5.9,6.79,133.807,4.9,-4.7,1.2,0.0,98.0,102.0,99.0,0.0,100.0,-0.09
10,2022-05-09 12:01:59,36.8107,-121.7842033,6.4,11.52,177.013,0.6,-11.5,-1.4,0.0,96.0,97.0,100.0,0.0,100.0,-0.11
10,2022-05-09 12:01:59,36.8107,-121.7842033,6.9,11.83,184.362,-0.9,-11.8,-0.6,0.0,92.0,93.0,100.0,0.0,100.0,-0.09
10,2022-05-09 12:01:59,36.8107,-121.7842033,7.4,15.89,173.859,1.7,-15.8,-3.4,0.0,89.0,87.0,95.0,0.0,100.0,-0.15
10,2022-05-09 12:01:59,36.8107,-121.7842033,7.9,7.07,213.465,-3.9,-5.9,-2.0,0.0,86.0,85.0,88.0,0.0,100.0,-0.01
10,2022-05-09 12:01:59,36.8107,-121.7842033,8.4,11.70,220.495,nan,nan,nan,0.0,125.0,89.0,116.0,0.0,100.0,2147483647.0
10,2022-05-09 12:01:59,36.8107,-121.7842033,8.9,3.14,292.479,nan,nan,nan,0.0,160.0,149.0,165.0,0.0,100.0,2147483647.0
10,2022-05-09 12:01:59,36.8107,-121.7842033,9.4,1.46,344.055,nan,nan,nan,0.0,172.0,163.0,171.0,0.0,100.0,2147483647.0
10,2022-05-09 12:01:59,36.8107,-121.7842033,9.9,4.92,232.431,nan,nan,nan,0.0,127.0,174.0,146.0,0.0,100.0,2147483647.0
10,2022-05-09 12:01:59,36.8107,-121.7842033,10.4,10.84,37.504,nan,nan,nan,0.0,47.0,83.0,67.0,0.0,100.0,2147483647.0
10,2022-05-09 12:01:59,36.8107,-121.7842033,10.9,18.78,77.074,nan,nan,nan,0.0,35.0,46.0,42.0,0.0,100.0,2147483647.0
10,2022-05-09 12:01:59,36.8107,-121.7842033,11.4,29.94,128.899,nan,nan,nan,0.0,33.0,36.0,36.0,0.0,100.0,2147483647.0
11,2022-05-09 12:02:05,36.8106933,-121.7841817,0.9,2.50,87.709,2.5,0.1,-1.2,0.0,138.0,139.0,141.0,0.0,100.0,-0.03
11,2022-05-09 12:02:05,36.8106933,-121.7841817,1.4,12.12,206.988,-5.5,-10.8,3.0,0.0,134.0,136.0,137.0,0.0,100.0,-0.02
11,2022-05-09 12:02:05,36.8106933,-121.7841817,1.9,14.18,28.191,6.7,12.5,1.2,0.0,127.0,129.0,130.0,0.0,100.0,0.02
11,2022-05-09 12:02:05,36.8106933,-121.7841817,2.4,5.87,156.930,2.3,-5.4,1.7,0.0,126.0,127.0,126.0,0.0,100.0,-0.06
11,2022-05-09 12:02:05,36.8106933,-121.7841817,2.9,6.46,214.919,-3.7,-5.3,2.5,0.0,121.0,122.0,121.0,0.0,100.0,0.0
11,2022-05-09 12:02:05,36.8106933,-121.7841817,3.4,8.05,147.693,4.3,-6.8,0.8,0.0,114.0,115.0,118.0,0.0,100.0,-0.1
11,2022-05-09 12:02:05,36.8106933,-121.7841817,3.9,11.99,109.493,11.3,-4.0,2.7,0.0,111.0,112.0,116.0,0.0,100.0,-0.15
11,2022-05-09 12:02:05,36.8106933,-121.7841817,4.4,1.75,283.240,-1.7,0.4,0.5,0.0,108.0,112.0,111.0,0.0,100.0,0.02
11,2022-05-09 12:02:05,36.8106933,-121.7841817,4.9,6.23,108.726,5.9,-2.0,0.2,0.0,104.0,108.0,108.0,0.0,100.0,-0.08
11,2022-05-09 12:02:05,36.8106933,-121.7841817,5.4,9.15,195.859,-2.5,-8.8,0.2,0.0,102.0,102.0,103.0,0.0,100.0,-0.04
11,2022-05-09 12:02:05,36.8106933,-121.7841817,5.9,16.75,170.032,2.9,-16.5,-0.5,0.0,95.0,104.0,101.0,0.0,100.0,-0.15
11,2022-05-09 12:02:05,36.8106933,-121.7841817,6.4,5.92,184.844,-0.5,-5.9,1.8,0.0,92.0,97.0,95.0,0.0,100.0,-0.04
11,2022-05-09 12:02:05,36.8106933,-121.7841817,6.9,9.84,137.060,6.7,-7.2,-0.6,0.0,90.0,90.0,94.0,0.0,100.0,-0.13
11,2022-05-09 12:02:05,36.8106933,-121.7841817,7.4,9.43,184.259,-0.7,-9.4,0.3,0.0,88.0,89.0,89.0,0.0,100.0,-0.06
11,2022-05-09 12:02:05,36.8106933,-121.7841817,7.9,14.92,156.701,5.9,-13.7,-0.8,0.0,87.0,88.0,90.0,0.0,100.0,-0.16
11,2022-05-09 12:02:05,36.8106933,-121.7841817,8.4,12.53,73.301,nan,nan,nan,0.0,132.0,87.0,122.0,0.0,100.0,2147483647.0
11,2022-05-09 12:02:05,36.8106933,-121.7841817,8.9,4.65,341.175,nan,nan,nan,0.0,175.0,123.0,161.0,0.0,100.0,2147483647.0
11,2022-05-09 12:02:05,36.8106933,-121.7841817,9.4,10.15,5.654,nan,nan,nan,0.0,187.0,162.0,168.0,0.0,100.0,2147483647.0
11,2022-05-09 12:02:05,36.8106933,-121.7841817,9.9,9.74,340.821,nan,nan,nan,0.0,115.0,175.0,140.0,0.0,100.0,2147483647.0
11,2022-05-09 12:02:05,36.8106933,-121.7841817,10.4,13.31,71.157,nan,nan,nan,0.0,47.0,133.0,63.0,0.0,100.0,2147483647.0
11,2022-05-09 12:02:05,36.8106933,-121.7841817,10.9,16.22,246.755,nan,nan,nan,0.0,35.0,60.0,41.0,0.0,100.0,2147483647.0
11,2022-05-09 12:02:05,36.8106933,-121.7841817,11.4,13.98,327.560,nan,nan,nan,0.0,33.0,39.0,36.0,0.0,100.0,2147483647.0
12,2022-05-09 12:02:11,36.8106833,-121.7841517,0.9,17.17,107.274,16.4,-5.1,-3.9,0.0,168.0,143.0,152.0,0.0,100.0,-0.22
12,2022-05-09 12:02:11,36.8106833,-121.7841517,1.4,8.01,60.876,7.0,3.9,4.3,0.0,113.0,138.0,144.0,0.0,100.0,-0.05
12,2022-05-09 12:02:11,36.8106833,-121.7841517,1.9,7.43,275.404,-7.4,0.7,-1.7,0.0,116.0,131.0,125.0,0.0,100.0,0.09
12,2022-05-09 12:02:11,36.8106833,-121.7841517,2.4,11.19,114.274,10.2,-4.6,4.0,0.0,119.0,124.0,125.0,0.0,100.0,-0.15
12,2022-05-09 12:02:11,36.8106833,-121.7841517,2.9,13.31,57.265,11.2,7.2,3.6,0.0,118.0,120.0,122.0,0.0,100.0,-0.08
12,2022-05-09 12:02:11,36.8106833,-121.7841517,3.4,8.28,232.853,-6.6,-5.0,7.3,0.0,113.0,119.0,116.0,0.0,100.0,0.04
12,2022-05-09 12:02:11,36.8106833,-121.7841517,3.9,3.68,47.203,2.7,2.5,4.2,0.0,109.0,114.0,113.0,0.0,100.0,-0.01
12,2022-05-09 12:02:11,36.8106833,-121.7841517,4.4,16.52,177.224,0.8,-16.5,2.1,0.0,105.0,110.0,108.0,0.0,100.0,-0.12
12,2022-05-09 12:02:11,36.8106833,-121.7841517,4.9,8.50,88.652,8.5,0.2,2.4,0.0,100.0,109.0,106.0,0.0,100.0,-0.1
12,2022-05-09 12:02:11,36.8106833,-121.7841517,5.4,11.35,160.448,3.8,-10.7,1.5,0.0,98.0,103.0,107.0,0.0,100.0,-0.12
12,2022-05-09 12:02:11,36.8106833,-121.7841517,5.9,15.07,211.159,-7.8,-12.9,3.0,0.0,94.0,101.0,103.0,0.0,100.0,0.0
12,2022-05-09 12:02:11,36.8106833,-121.7841517,6.4,2.83,135.000,2.0,-2.0,0.7,0.0,90.0,98.0,98.0,0.0,100.0,-0.04
12,2022-05-09 12:02:11,36.8106833,-121.7841517,6.9,5.42,202.782,-2.1,-5.0,4.4,0.0,86.0,94.0,94.0,0.0,100.0,-0.01
12,2022-05-09 12:02:11,36.8106833,-121.7841517,7.4,11.72,176.576,0.7,-11.7,3.4,0.0,82.0,91.0,89.0,0.0,100.0,-0.09
12,2022-05-09 12:02:11,36.8106833,-121.7841517,7.9,11.51,108.750,10.9,-3.7,0.8,0.0,79.0,86.0,85.0,0.0,100.0,-0.15
12,2022-05-09 12:02:11,36.8106833,-121.7841517,8.4,13.60,17.103,nan,nan,nan,0.0,135.0,85.0,109.0,0.0,100.0,2147483647.0
12,2022-05-09 12:02:11,36.8106833,-121.7841517,8.9,4.65,331.783,nan,nan,nan,0.0,161.0,128.0,166.0,0.0,100.0,2147483647.0
12,2022-05-09 12:02:11,36.8106833,-121.7841517,9.4,2.08,234.782,nan,nan,nan,0.0,173.0,157.0,176.0,0.0,100.0,2147483647.0
12,2022-05-09 12:02:11,36.8106833,-121.7841517,9.9,20.29,279.648,nan,nan,nan,0.0,102.0,164.0,156.0,0.0,100.0,2147483647.0
12,2022-05-09 12:02:11,36.8106833,-121.7841517,10.4,2.88,123.690,nan,nan,nan,0.0,47.0,128.0,64.0,0.0,100.0,2147483647.0
12,2022-05-09 12:02:11,36.8106833,-121.7841517,10.9,16.70,261.045,nan,nan,nan,0.0,39.0,57.0,42.0,0.0,100.0,2147483647.0
12,2022-05-09 12:02:11,36.8106833,-121.7841517,11.4,11.36,296.114,nan,nan,nan,0.0,34.0,39.0,37.0,0.0,100.0,2147483647.0
13,2022-05-09 12:02:17,36.8106717,-121.7841217,0.9,9.32,102.395,9.1,-2.0,0.9,0.0,140.0,143.0,141.0,0.0,100.0,-0.12
13,2022-05-09 12:02:17,36.8106717,-121.7841217,1.4,6.41,87.316,6.4,0.3,-2.2,0.0,135.0,138.0,138.0,0.0,100.0,-0.07
13,2022-05-09 12:02:17,36.8106717,-121.7841217,1.9,8.00,137.534,5.4,-5.9,1.1,0.0,131.0,132.0,132.0,0.0,100.0,-0.12
13,2022-05-09 12:02:17,36.8106717,-121.7841217,2.4,6.28,103.815,6.1,-1.5,-0.0,0.0,124.0,123.0,128.0,0.0,100.0,-0.08
13,2022-05-09 12:02:17,36.8106717,-121.7841217,2.9,9.39,334.799,-4.0,8.5,2.1,0.0,120.0,121.0,121.0,0.0,100.0,0.13
13,2022-05-09 12:02:17,36.8106717,-121.7841217,3.4,12.42,97.869,12.3,-1.7,-2.7,0.0,119.0,117.0,115.0,0.0,100.0,-0.16
13,2022-05-09 12:02:17,36.8106717,-121.7841217,3.9,1.14,232.125,-0.9,-0.7,0.9,0.0,112.0,115.0,113.0,0.0,100.0,0.0
13,2022-05-09 12:02:17,36.8106717,-121.7841217,4.4,13.31,138.045,8.9,-9.9,0.8,0.0,110.0,113.0,109.0,0.0,100.0,-0.2
13,2022-05-09 12:02:17,36.8106717,-121.7841217,4.9,14.63,102.232,14.3,-3.1,2.0,0.0,103.0,110.0,104.0,0.0,100.0,-0.19
13,2022-05-09 12:02:17,36.8106717,-121.7841217,5.4,11.43,147.144,6.2,-9.6,0.2,0.0,98.0,104.0,103.0,0.0,100.0,-0.17
13,2022-05-09 12:02:17,36.8106717,-121.7841217,5.9,8.20,164.438,2.2,-7.9,1.1,0.0,95.0,102.0,101.0,0.0,100.0,-0.11
13,2022-05-09 12:02:17,36.8106717,-121.7841217,6.4,6.57,116.175,5.9,-2.9,2.3,0.0,91.0,101.0,98.0,0.0,100.0,-0.1
13,2022-05-09 12:02:17,36.8106717,-121.7841217,6.9,9.85,80.059,9.7,1.7,3.3,0.0,89.0,93.0,94.0,0.0,100.0,-0.09
13,2022-05-09 12:02:17,36.8106717,-121.7841217,7.4,8.36,138.879,5.5,-6.3,0.2,0.0,88.0,93.0,90.0,0.0,100.0,-0.13
13,2022-05-09 12:02:17,36.8106717,-121.7841217,7.9,22.52,131.760,16.8,-15.0,6.0,0.0,88.0,86.0,87.0,0.0,100.0,-0.34
13,2022-05-09 12:02:17,36.8106717,-121.7841217,8.4,13.93,150.306,nan,nan,nan,0.0,144.0,86.0,101.0,0.0,100.0,2147483647.0
13,2022-05-09 12:02:17,36.8106717,-121.7841217,8.9,5.97,103.570,nan,nan,nan,0.0,170.0,140.0,165.0,0.0,100.0,2147483647.0
13,2022-05-09 12:02:17,36.8106717,-121.7841217,9.4,4.36,36.607,nan,nan,nan,0.0,180.0,165.0,173.0,0.0,100.0,2147483647.0
13,2022-05-09 12:02:17,36.8106717,-121.7841217,9.9,8.40,268.636,nan,nan,nan,0.0,92.0,175.0,164.0,0.0,100.0,2147483647.0
13,2022-05-09 12:02:17,36.8106717,-121.7841217,10.4,10.60,231.509,nan,nan,nan,0.0,43.0,109.0,66.0,0.0,100.0,2147483647.0
13,2022-05-09 12:02:17,36.8106717,-121.7841217,10.9,22.26,209.904,nan,nan,nan,0.0,35.0,53.0,44.0,0.0,100.0,2147483647.0
13,2022-05-09 12:02:17,36.8106717,-121.7841217,11.4,17.88,254.099,nan,nan,nan,0.0,34.0,38.0,37.0,0.0,100.0,2147483647.0
14,2022-05-09 12:02:23,36.8106567,-121.7840967,0.9,10.71,272.675,-10.7,0.5,-0.9,0.0,145.0,138.0,145.0,0.0,100.0,0.12
14,2022-05-09 12:02:23,36.8106567,-121.7840967,1.4,8.70,30.399,4.4,7.5,-2.3,0.0,138.0,137.0,138.0,0.0,100.0,0.01
14,2022-05-09 12:02:23,36.8106567,-121.7840967,1.9,11.75,168.212,2.4,-11.5,-1.5,0.0,130.0,131.0,131.0,0.0,100.0,-0.12
14,2022-05-09 12:02:23,36.8106567,-121.7840967,2.4,14.30,269.599,-14.3,-0.1,1.1,0.0,126.0,124.0,130.0,0.0,100.0,0.15
14,2022-05-09 12:02:23,36.8106567,-121.7840967,2.9,4.07,335.323,-1.7,3.7,0.8,0.0,123.0,120.0,123.0,0.0,100.0,0.05
14,2022-05-09 12:02:23,36.8106567,-121.7840967,3.4,9.36,156.721,3.7,-8.6,-0.8,0.0,116.0,115.0,118.0,0.0,100.0,-0.11
14,2022-05-09 12:02:23,36.8106567,-121.7840967,3.9,4.05,164.249,1.1,-3.9,-3.2,0.0,113.0,113.0,113.0,0.0,100.0,-0.04
14,2022-05-09 12:02:23,36.8106567,-121.7840967,4.4,13.02,176.479,0.8,-13.0,2.4,0.0,107.0,106.0,112.0,0.0,100.0,-0.11
14,2022-05-09 12:02:23,36.8106567,-121.7840967,4.9,2.28,113.199,2.1,-0.9,3.1,0.0,104.0,103.0,107.0,0.0,100.0,-0.03
14,2022-05-09 12:02:23,36.8106567,-121.7840967,5.4,7.34,150.642,3.6,-6.4,2.5,0.0,101.0,99.0,103.0,0.0,100.0,-0.09
14,2022-05-09 12:02:23,36.8106567,-121.7840967,5.9,6.04,173.346,0.7,-6.0,3.9,0.0,96.0,95.0,102.0,0.0,100.0,-0.06
14,2022-05-09 12:02:23,36.8106567,-121.7840967,6.4,13.96,141.981,8.6,-11.0,0.9,0.0,92.0,92.0,100.0,0.0,100.0,-0.18
14,2022-05-09 12:02:23,36.8106567,-121.7840967,6.9,6.66,237.265,-5.6,-3.6,1.0,0.0,88.0,88.0,97.0,0.0,100.0,0.03
14,2022-05-09 12:02:23,36.8106567,-121.7840967,7.4,11.74,195.811,-3.2,-11.3,-0.4,0.0,84.0,86.0,90.0,0.0,100.0,-0.06
14,2022-05-09 12:02:23,36.8106567,-121.7840967,7.9,9.06,142.624,5.5,-7.2,-3.2,0.0,88.0,85.0,84.0,0.0,100.0,-0.12
14,2022-05-09 12:02:23,36.8106567,-121.7840967,8.4,7.38,215.628,nan,nan,nan,0.0,160.0,110.0,103.0,0.0,100.0,2147483647.0
14,2022-05-09 12:02:23,36.8106567,-121.7840967,8.9,1.14,254.745,nan,nan,nan,0.0,167.0,158.0,162.0,0.0,100.0,2147483647.0
14,2022-05-09 12:02:23,36.8106567,-121.7840967,9.4,11.11,222.447,nan,nan,nan,0.0,168.0,162.0,170.0,0.0,100.0,2147483647.0
14,2022-05-09 12:02:23,36.8106567,-121.7840967,9.9,15.84,288.778,nan,nan,nan,0.0,69.0,144.0,159.0,0.0,100.0,2147483647.0
14,2022-05-09 12:02:23,36.8106567,-121.7840967,10.4,39.37,257.234,nan,nan,nan,0.0,38.0,73.0,76.0,0.0,100.0,2147483647.0
14,2022-05-09 12:02:23,36.8106567,-121.7840967,10.9,39.46,261.254,nan,nan,nan,0.0,34.0,43.0,45.0,0.0,100.0,2147483647.0
14,2022-05-09 12:02:23,36.8106567,-121.7840967,11.4,26.75,242.381,nan,nan,nan,0.0,33.0,35.0,37.0,0.0,100.0,2147483647.0
15,2022-05-09 12:02:29,36.810645,-121.7840750,0.9,10.82,188.505,-1.6,-10.7,-2.1,0.0,145.0,140.0,145.0,0.0,100.0,-0.04
15,2022-05-09 12:02:29,36.810645,-121.7840750,1.4,17.08,103.548,16.6,-4.0,-1.2,0.0,142.0,137.0,142.0,0.0,100.0,-0.19
15,2022-05-09 12:02:29,36.810645,-121.7840750,1.9,9.99,131.348,7.5,-6.6,-2.5,0.0,129.0,131.0,133.0,0.0,100.0,-0.11
15,2022-05-09 12:02:29,36.810645,-121.7840750,2.4,12.91,163.811,3.6,-12.4,0.1,0.0,122.0,125.0,124.0,0.0,100.0,-0.1
15,2022-05-09 12:02:29,36.810645,-121.7840750,2.9,11.20,172.304,1.5,-11.1,0.6,0.0,120.0,122.0,120.0,0.0,100.0,-0.08
15,2022-05-09 12:02:29,36.810645,-121.7840750,3.4,13.15,171.254,2.0,-13.0,-2.4,0.0,112.0,118.0,116.0,0.0,100.0,-0.09
15,2022-05-09 12:02:29,36.810645,-121.7840750,3.9,8.54,115.665,7.7,-3.7,-0.0,0.0,107.0,113.0,113.0,0.0,100.0,-0.1
15,2022-05-09 12:02:29,36.810645,-121.7840750,4.4,12.81,91.790,12.8,-0.4,-1.7,0.0,104.0,107.0,109.0,0.0,100.0,-0.13
15,2022-05-09 12:02:29,36.810645,-121.7840750,4.9,9.68,141.710,6.0,-7.6,-3.0,0.0,101.0,104.0,107.0,0.0,100.0,-0.1
15,2022-05-09 12:02:29,36.810645,-121.7840750,5.4,16.41,153.591,7.3,-14.7,-4.7,0.0,98.0,98.0,106.0,0.0,100.0,-0.15
15,2022-05-09 12:02:29,36.810645,-121.7840750,5.9,11.29,157.068,4.4,-10.4,-0.2,0.0,94.0,93.0,100.0,0.0,100.0,-0.1
15,2022-05-09 12:02:29,36.810645,-121.7840750,6.4,12.56,142.765,7.6,-10.0,-2.2,0.0,92.0,89.0,96.0,0.0,100.0,-0.13
15,2022-05-09 12:02:29,36.810645,-121.7840750,6.9,15.90,144.211,9.3,-12.9,-1.2,0.0,90.0,88.0,93.0,0.0,100.0,-0.16
15,2022-05-09 12:02:29,36.810645,-121.7840750,7.4,10.84,131.634,8.1,-7.2,-1.1,0.0,92.0,84.0,90.0,0.0,100.0,-0.12
15,2022-05-09 12:02:29,36.810645,-121.7840750,7.9,25.03,128.839,19.5,-15.7,-0.2,0.0,99.0,80.0,86.0,0.0,100.0,-0.28
15,2022-05-09 12:02:29,36.810645,-121.7840750,8.4,5.66,137.862,nan,nan,nan,0.0,173.0,135.0,110.0,0.0,100.0,2147483647.0
15,2022-05-09 12:02:29,36.810645,-121.7840750,8.9,9.67,140.877,nan,nan,nan,0.0,176.0,166.0,172.0,0.0,100.0,2147483647.0
15,2022-05-09 12:02:29,36.810645,-121.7840750,9.4,1.14,52.125,nan,nan,nan,0.0,156.0,180.0,178.0,0.0,100.0,2147483647.0
15,2022-05-09 12:02:29,36.810645,-121.7840750,9.9,10.37,162.613,nan,nan,nan,0.0,62.0,105.0,150.0,0.0,100.0,2147483647.0
15,2022-05-09 12:02:29,36.810645,-121.7840750,10.4,16.31,182.108,nan,nan,nan,0.0,40.0,50.0,68.0,0.0,100.0,2147483647.0
15,2022-05-09 12:02:29,36.810645,-121.7840750,10.9,27.58,198.172,nan,nan,nan,0.0,35.0,38.0,45.0,0.0,100.0,2147483647.0
15,2022-05-09 12:02:29,36.810645,-121.7840750,11.4,41.52,178.068,nan,nan,nan,0.0,33.0,33.0,36.0,0.0,100.0,2147483647.0
16,2022-05-09 12:02:35,36.8106333,-121.7840550,0.9,3.13,343.301,-0.9,3.0,-0.6,0.0,142.0,137.0,143.0,0.0,100.0,0.02
16,2022-05-09 12:02:35,36.8106333,-121.7840550,1.4,10.37,160.866,3.4,-9.8,-1.3,0.0,134.0,134.0,138.0,0.0,100.0,-0.08
16,2022-05-09 12:02:35,36.8106333,-121.7840550,1.9,9.00,180.637,-0.1,-9.0,-0.5,0.0,128.0,130.0,128.0,0.0,100.0,-0.05
16,2022-05-09 12:02:35,36.8106333,-121.7840550,2.4,12.96,144.103,7.6,-10.5,-0.2,0.0,122.0,125.0,124.0,0.0,100.0,-0.13
16,2022-05-09 12:02:35,36.8106333,-121.7840550,2.9,8.71,145.763,4.9,-7.2,1.8,0.0,118.0,119.0,121.0,0.0,100.0,-0.08
16,2022-05-09 12:02:35,36.8106333,-121.7840550,3.4,21.56,100.424,21.2,-3.9,0.3,0.0,112.0,114.0,115.0,0.0,100.0,-0.23
16,2022-05-09 12:02:35,36.8106333,-121.7840550,3.9,9.86,126.754,7.9,-5.9,2.0,0.0,108.0,113.0,112.0,0.0,100.0,-0.11
16,2022-05-09 12:02:35,36.8106333,-121.7840550,4.4,9.37,219.806,-6.0,-7.2,-1.5,0.0,105.0,108.0,111.0,0.0,100.0,0.02
16,2022-05-09 12:02:35,36.8106333,-121.7840550,4.9,10.49,145.098,6.0,-8.6,1.1,0.0,102.0,105.0,109.0,0.0,100.0,-0.1
16,2022-05-09 12:02:35,36.8106333,-121.7840550,5.4,10.96,134.630,7.8,-7.7,-4.0,0.0,98.0,100.0,101.0,0.0,100.0,-0.12
16,2022-05-09 12:02:35,36.8106333,-121.7840550,5.9,11.47,132.173,8.5,-7.7,3.0,0.0,93.0,96.0,96.0,0.0,100.0,-0.12
16,2022-05-09 12:02:35,36.8106333,-121.7840550,6.4,18.75,137.377,12.7,-13.8,1.4,0.0,95.0,82.0,97.0,0.0,100.0,-0.19
16,2022-05-09 12:02:35,36.8106333,-121.7840550,6.9,16.78,131.860,12.5,-11.2,-2.6,0.0,98.0,80.0,92.0,0.0,100.0,-0.18
16,2022-05-09 12:02:35,36.8106333,-121.7840550,7.4,11.92,142.842,7.2,-9.5,0.3,0.0,99.0,86.0,85.0,0.0,100.0,-0.12
16,2022-05-09 12:02:35,36.8106333,-121.7840550,7.9,18.56,102.763,nan,nan,nan,0.0,119.0,88.0,85.0,0.0,100.0,2147483647.0
16,2022-05-09 12:02:35,36.8106333,-121.7840550,8.4,12.10,88.580,nan,nan,nan,0.0,170.0,155.0,128.0,0.0,100.0,2147483647.0
16,2022-05-09 12:02:35,36.8106333,-121.7840550,8.9,8.65,190.660,nan,nan,nan,0.0,178.0,169.0,166.0,0.0,100.0,2147483647.0
16,2022-05-09 12:02:35,36.8106333,-121.7840550,9.4,12.43,64.259,nan,nan,nan,0.0,131.0,174.0,178.0,0.0,100.0,2147483647.0
16,2022-05-09 12:02:35,36.8106333,-121.7840550,9.9,10.19,223.409,nan,nan,nan,0.0,48.0,91.0,129.0,0.0,100.0,2147483647.0
16,2022-05-09 12:02:35,36.8106333,-121.7840550,10.4,14.31,285.396,nan,nan,nan,0.0,37.0,52.0,62.0,0.0,100.0,2147483647.0
16,2022-05-09 12:02:35,36.8106333,-121.7840550,10.9,61.45,250.710,nan,nan,nan,0.0,34.0,37.0,42.0,0.0,100.0,2147483647.0
16,2022-05-09 12:02:35,36.8106333,-121.7840550,11.4,62.24,278.872,nan,nan,nan,0.0,33.0,34.0,36.0,0.0,100.0,2147483647.0
17,2022-05-09 12:02:41,36.81062,-121.7840333,0.9,6.76,352.349,-0.9,6.7,1.5,0.0,139.0,144.0,144.0,0.0,100.0,0.06
17,2022-05-09 12:02:41,36.81062,-121.7840333,1.4,3.42,200.556,-1.2,-3.2,-3.3,0.0,135.0,139.0,135.0,0.0,100.0,-0.01
17,2022-05-09 12:02:41,36.81062,-121.7840333,1.9,9.85,189.941,-1.7,-9.7,-0.0,0.0,128.0,128.0,130.0,0.0,100.0,-0.05
17,2022-05-09 12:02:41,36.81062,-121.7840333,2.4,18.56,123.347,15.5,-10.2,1.9,0.0,123.0,123.0,125.0,0.0,100.0,-0.22
17,2022-05-09 12:02:41,36.81062,-121.7840333,2.9,4.57,151.189,2.2,-4.0,0.3,0.0,115.0,120.0,124.0,0.0,100.0,-0.05
17,2022-05-09 12:02:41,36.81062,-121.7840333,3.4,6.24,173.558,0.7,-6.2,1.2,0.0,110.0,114.0,121.0,0.0,100.0,-0.05
17,2022-05-09 12:02:41,36.81062,-121.7840333,3.9,6.90,128.530,5.4,-4.3,-0.4,0.0,106.0,114.0,114.0,0.0,100.0,-0.08
17,2022-05-09 12:02:41,36.81062,-121.7840333,4.4,5.05,97.970,5.0,-0.7,-0.9,0.0,103.0,109.0,107.0,0.0,100.0,-0.05
17,2022-05-09 12:02:41,36.81062,-121.7840333,4.9,3.21,93.576,3.2,-0.2,-2.3,0.0,99.0,101.0,102.0,0.0,100.0,-0.03
17,2022-05-09 12:02:41,36.81062,-121.7840333,5.4,5.35,200.807,-1.9,-5.0,1.1,0.0,97.0,99.0,96.0,0.0,100.0,-0.02
17,2022-05-09 12:02:41,36.81062,-121.7840333,5.9,6.77,73.706,6.5,1.9,2.7,0.0,98.0,94.0,95.0,0.0,100.0,-0.05
17,2022-05-09 12:02:41,36.81062,-121.7840333,6.4,10.72,107.928,10.2,-3.3,0.6,0.0,102.0,90.0,93.0,0.0,100.0,-0.12
17,2022-05-09 12:02:41,36.81062,-121.7840333,6.9,6.32,198.435,-2.0,-6.0,1.6,0.0,99.0,87.0,90.0,0.0,100.0,-0.02
17,2022-05-09 12:02:41,36.81062,-121.7840333,7.4,0.95,108.435,0.9,-0.3,4.7,0.0,98.0,86.0,88.0,0.0,100.0,-0.01
17,2022-05-09 12:02:41,36.81062,-121.7840333,7.9,4.66,247.286,nan,nan,nan,0.0,143.0,89.0,88.0,0.0,100.0,2147483647.0
17,2022-05-09 12:02:41,36.81062,-121.7840333,8.4,2.42,82.875,nan,nan,nan,0.0,172.0,157.0,152.0,0.0,100.0,2147483647.0
17,2022-05-09 12:02:41,36.81062,-121.7840333,8.9,6.61,219.472,nan,nan,nan,0.0,180.0,172.0,168.0,0.0,100.0,2147483647.0
17,2022-05-09 12:02:41,36.81062,-121.7840333,9.4,6.13,84.382,nan,nan,nan,0.0,88.0,174.0,175.0,0.0,100.0,2147483647.0
17,2022-05-09 12:02:41,36.81062,-121.7840333,9.9,10.26,313.025,nan,nan,nan,0.0,44.0,72.0,98.0,0.0,100.0,2147483647.0
17,2022-05-09 12:02:41,36.81062,-121.7840333,10.4,25.50,221.820,nan,nan,nan,0.0,37.0,45.0,53.0,0.0,100.0,2147483647.0
17,2022-05-09 12:02:41,36.81062,-121.7840333,10.9,56.96,262.738,nan,nan,nan,0.0,34.0,36.0,37.0,0.0,100.0,2147483647.0
17,2022-05-09 12:02:41,36.81062,-121.7840333,11.4,9.17,154.832,nan,nan,nan,0.0,33.0,33.0,35.0,0.0,100.0,2147483647.0
18,2022-05-09 12:02:47,36.8106083,-121.7840100,0.9,12.94,44.061,9.0,9.3,1.5,0.0,141.0,142.0,146.0,0.0,100.0,-0.02
18,2022-05-09 12:02:47,36.8106083,-121.7840100,1.4,7.64,136.061,5.3,-5.5,0.1,0.0,135.0,135.0,140.0,0.0,100.0,-0.09
18,2022-05-09 12:02:47,36.8106083,-121.7840100,1.9,12.32,156.557,4.9,-11.3,2.7,0.0,124.0,126.0,132.0,0.0,100.0,-0.13
18,2022-05-09 12:02:47,36.8106083,-121.7840100,2.4,10.47,134.226,7.5,-7.3,1.1,0.0,119.0,120.0,124.0,0.0,100.0,-0.13
18,2022-05-09 12:02:47,36.8106083,-121.7840100,2.9,5.55,113.334,5.1,-2.2,0.5,0.0,115.0,119.0,119.0,0.0,100.0,-0.07
18,2022-05-09 12:02:47,36.8106083,-121.7840100,3.4,6.58,199.537,-2.2,-6.2,-1.7,0.0,112.0,110.0,115.0,0.0,100.0,-0.03
18,2022-05-09 12:02:47,36.8106083,-121.7840100,3.9,5.33,124.287,4.4,-3.0,-1.5,0.0,109.0,106.0,112.0,0.0,100.0,-0.07
18,2022-05-09 12:02:47,36.8106083,-121.7840100,4.4,12.96,157.788,4.9,-12.0,3.1,0.0,102.0,109.0,105.0,0.0,100.0,-0.14
18,2022-05-09 12:02:47,36.8106083,-121.7840100,4.9,18.74,152.341,8.7,-16.6,1.9,0.0,100.0,100.0,106.0,0.0,100.0,-0.21
18,2022-05-09 12:02:47,36.8106083,-121.7840100,5.4,12.80,134.050,9.2,-8.9,0.2,0.0,101.0,97.0,101.0,0.0,100.0,-0.16
18,2022-05-09 12:02:47,36.8106083,-121.7840100,5.9,16.01,202.400,-6.1,-14.8,1.6,0.0,99.0,94.0,96.0,0.0,100.0,-0.05
18,2022-05-09 12:02:47,36.8106083,-121.7840100,6.4,4.88,67.109,4.5,1.9,0.7,0.0,99.0,91.0,92.0,0.0,100.0,-0.03
18,2022-05-09 12:02:47,36.8106083,-121.7840100,6.9,11.43,129.677,8.8,-7.3,2.5,0.0,101.0,84.0,94.0,0.0,100.0,-0.14
18,2022-05-09 12:02:47,36.8106083,-121.7840100,7.4,12.18,127.999,9.6,-7.5,3.7,0.0,102.0,83.0,91.0,0.0,100.0,-0.15
18,2022-05-09 12:02:47,36.8106083,-121.7840100,7.9,13.05,98.813,nan,nan,nan,0.0,162.0,91.0,105.0,0.0,100.0,2147483647.0
18,2022-05-09 12:02:47,36.8106083,-121.7840100,8.4,8.66,58.696,nan,nan,nan,0.0,173.0,156.0,169.0,0.0,100.0,2147483647.0
18,2022-05-09 12:02:47,36.8106083,-121.7840100,8.9,2.51,265.426,nan,nan,nan,0.0,174.0,167.0,177.0,0.0,100.0,2147483647.0
18,2022-05-09 12:02:47,36.8106083,-121.7840100,9.4,10.20,241.928,nan,nan,nan,0.0,62.0,169.0,161.0,0.0,100.0,2147483647.0
18,2022-05-09 12:02:47,36.8106083,-121.7840100,9.9,6.74,122.276,nan,nan,nan,0.0,39.0,80.0,68.0,0.0,100.0,2147483647.0
18,2022-05-09 12:02:47,36.8106083,-121.7840100,10.4,17.38,258.043,nan,nan,nan,0.0,35.0,47.0,45.0,0.0,100.0,2147483647.0
18,2022-05-09 12:02:47,36.8106083,-121.7840100,10.9,50.60,270.000,nan,nan,nan,0.0,34.0,37.0,37.0,0.0,100.0,2147483647.0
18,2022-05-09 12:02:47,36.8106083,-121.7840100,11.4,36.95,202.262,nan,nan,nan,0.0,33.0,34.0,35.0,0.0,100.0,2147483647.0
19,2022-05-09 12:02:53,36.810595,-121.7839850,0.9,10.22,86.074,10.2,0.7,-4.3,0.0,151.0,143.0,146.0,0.0,100.0,-0.09
19,2022-05-09 12:02:53,36.810595,-121.7839850,1.4,11.87,167.838,2.5,-11.6,-1.6,0.0,150.0,137.0,136.0,0.0,100.0,-0.13
19,2022-05-09 12:02:53,36.810595,-121.7839850,1.9,16.46,100.149,16.2,-2.9,1.8,0.0,138.0,123.0,127.0,0.0,100.0,-0.19
19,2022-05-09 12:02:53,36.810595,-121.7839850,2.4,6.39,69.864,6.0,2.2,6.2,0.0,117.0,119.0,124.0,0.0,100.0,-0.04
19,2022-05-09 12:02:53,36.810595,-121.7839850,2.9,10.57,79.647,10.4,1.9,1.6,0.0,113.0,114.0,118.0,0.0,100.0,-0.08
19,2022-05-09 12:02:53,36.810595,-121.7839850,3.4,13.14,169.032,2.5,-12.9,4.2,0.0,113.0,114.0,108.0,0.0,100.0,-0.14
19,2022-05-09 12:02:53,36.810595,-121.7839850,3.9,8.18,144.951,4.7,-6.7,1.8,0.0,110.0,101.0,106.0,0.0,100.0,-0.11
19,2022-05-09 12:02:53,36.810595,-121.7839850,4.4,8.98,163.179,2.6,-8.6,2.2,0.0,103.0,100.0,104.0,0.0,100.0,-0.1
19,2022-05-09 12:02:53,36.810595,-121.7839850,4.9,11.54,123.690,9.6,-6.4,-1.5,0.0,99.0,96.0,99.0,0.0,100.0,-0.15
19,2022-05-09 12:02:53,36.810595,-121.7839850,5.4,2.00,92.862,2.0,-0.1,1.0,0.0,102.0,96.0,94.0,0.0,100.0,-0.02
19,2022-05-09 12:02:53,36.810595,-121.7839850,5.9,13.41,72.646,12.8,4.0,0.5,0.0,107.0,92.0,97.0,0.0,100.0,-0.09
19,2022-05-09 12:02:53,36.810595,-121.7839850,6.4,24.64,107.479,23.5,-7.4,-0.7,0.0,101.0,91.0,92.0,0.0,100.0,-0.3
19,2022-05-09 12:02:53,36.810595,-121.7839850,6.9,18.75,195.148,-4.9,-18.1,2.7,0.0,100.0,91.0,95.0,0.0,100.0,-0.12
19,2022-05-09 12:02:53,36.810595,-121.7839850,7.4,7.27,235.654,-6.0,-4.1,0.7,0.0,105.0,91.0,95.0,0.0,100.0,0.02
19,2022-05-09 12:02:53,36.810595,-121.7839850,7.9,13.48,146.192,nan,nan,nan,0.0,161.0,99.0,107.0,0.0,100.0,2147483647.0
19,2022-05-09 12:02:53,36.810595,-121.7839850,8.4,6.01,132.979,nan,nan,nan,0.0,168.0,150.0,172.0,0.0,100.0,2147483647.0
19,2022-05-09 12:02:53,36.810595,-121.7839850,8.9,5.46,166.218,nan,nan,nan,0.0,140.0,159.0,180.0,0.0,100.0,2147483647.0
19,2022-05-09 12:02:53,36.810595,-121.7839850,9.4,10.35,228.918,nan,nan,nan,0.0,52.0,162.0,150.0,0.0,100.0,2147483647.0
19,2022-05-09 12:02:53,36.810595,-121.7839850,9.9,12.26,221.362,nan,nan,nan,0.0,41.0,78.0,64.0,0.0,100.0,2147483647.0
19,2022-05-09 12:02:53,36.810595,-121.7839850,10.4,9.83,274.667,nan,nan,nan,0.0,40.0,46.0,45.0,0.0,100.0,2147483647.0
19,2022-05-09 12:02:53,36.810595,-121.7839850,10.9,7.43,42.274,nan,nan,nan,0.0,35.0,39.0,37.0,0.0,100.0,2147483647.0
19,2022-05-09 12:02:53,36.810595,-121.7839850,11.4,47.81,276.486,nan,nan,nan,0.0,33.0,33.0,35.0,0.0,100.0,2147483647.0
20,2022-05-09 12:02:59,36.8105783,-121.7839683,0.9,25.52,185.621,-2.5,-25.4,0.5,0.0,140.0,141.0,144.0,0.0,100.0,-0.26
20,2022-05-09 12:02:59,36.8105783,-121.7839683,1.4,17.70,179.353,0.2,-17.7,0.7,0.0,134.0,136.0,137.0,0.0,100.0,-0.2
20,2022-05-09 12:02:59,36.8105783,-121.7839683,1.9,7.64,127.020,6.1,-4.6,2.1,0.0,126.0,129.0,129.0,0.0,100.0,-0.11
20,2022-05-09 12:02:59,36.8105783,-121.7839683,2.4,5.24,118.523,4.6,-2.5,-0.2,0.0,121.0,122.0,124.0,0.0,100.0,-0.07
20,2022-05-09 12:02:59,36.8105783,-121.7839683,2.9,3.01,174.289,0.3,-3.0,2.1,0.0,116.0,116.0,120.0,0.0,100.0,-0.04
20,2022-05-09 12:02:59,36.8105783,-121.7839683,3.4,2.81,175.914,0.2,-2.8,1.6,0.0,110.0,110.0,115.0,0.0,100.0,-0.03
20,2022-05-09 12:02:59,36.8105783,-121.7839683,3.9,4.12,119.055,3.6,-2.0,3.0,0.0,103.0,105.0,110.0,0.0,100.0,-0.06
20,2022-05-09 12:02:59,36.8105783,-121.7839683,4.4,14.68,163.787,4.1,-14.1,0.9,0.0,100.0,101.0,107.0,0.0,100.0,-0.2
20,2022-05-09 12:02:59,36.8105783,-121.7839683,4.9,6.17,114.905,5.6,-2.6,1.1,0.0,102.0,100.0,104.0,0.0,100.0,-0.08
20,2022-05-09 12:02:59,36.8105783,-121.7839683,5.4,9.50,126.870,7.6,-5.7,3.1,0.0,98.0,96.0,99.0,0.0,100.0,-0.14
20,2022-05-09 12:02:59,36.8105783,-121.7839683,5.9,10.57,169.647,1.9,-10.4,-1.8,0.0,100.0,100.0,98.0,0.0,100.0,-0.13
20,2022-05-09 12:02:59,36.8105783,-121.7839683,6.4,5.20,202.620,-2.0,-4.8,0.8,0.0,100.0,99.0,97.0,0.0,100.0,-0.03
20,2022-05-09 12:02:59,36.8105783,-121.7839683,6.9,4.81,136.685,3.3,-3.5,-2.2,0.0,102.0,100.0,100.0,0.0,100.0,-0.07
20,2022-05-09 12:02:59,36.8105783,-121.7839683,7.4,8.37,82.451,nan,nan,nan,0.0,160.0,109.0,99.0,0.0,100.0,2147483647.0
20,2022-05-09 12:02:59,36.8105783,-121.7839683,7.9,15.42,142.907,nan,nan,nan,0.0,180.0,158.0,119.0,0.0,100.0,2147483647.0
20,2022-05-09 12:02:59,36.8105783,-121.7839683,8.4,2.66,19.799,nan,nan,nan,0.0,173.0,173.0,177.0,0.0,100.0,2147483647.0
20,2022-05-09 12:02:59,36.8105783,-121.7839683,8.9,8.44,166.293,nan,nan,nan,0.0,61.0,158.0,187.0,0.0,100.0,2147483647.0
20,2022-05-09 12:02:59,36.8105783,-121.7839683,9.4,12.84,171.491,nan,nan,nan,0.0,41.0,79.0,129.0,0.0,100.0,2147483647.0
20,2022-05-09 12:02:59,36.8105783,-121.7839683,9.9,39.15,277.633,nan,nan,nan,0.0,35.0,49.0,60.0,0.0,100.0,2147483647.0
20,2022-05-09 12:02:59,36.8105783,-121.7839683,10.4,31.29,248.437,nan,nan,nan,0.0,33.0,39.0,43.0,0.0,100.0,2147483647.0
20,2022-05-09 12:02:59,36.8105783,-121.7839683,10.9,69.43,258.366,nan,nan,nan,0.0,34.0,35.0,37.0,0.0,100.0,2147483647.0
20,2022-05-09 12:02:59,36.8105783,-121.7839683,11.4,17.80,295.989,nan,nan,nan,0.0,34.0,32.0,35.0,0.0,100.0,2147483647.0
21,2022-05-09 12:03:05,36.81055,-121.7839483,0.9,18.25,153.997,8.0,-16.4,1.3,0.0,143.0,139.0,142.0,0.0,100.0,-0.24
21,2022-05-09 12:03:05,36.81055,-121.7839483,1.4,10.28,166.504,2.4,-10.0,-4.1,0.0,134.0,133.0,139.0,0.0,100.0,-0.12
21,2022-05-09 12:03:05,36.81055,-121.7839483,1.9,8.65,190.660,-1.6,-8.5,-2.6,0.0,126.0,128.0,128.0,0.0,100.0,-0.07
21,2022-05-09 12:03:05,36.81055,-121.7839483,2.4,21.22,173.779,2.3,-21.1,1.5,0.0,119.0,122.0,124.0,0.0,100.0,-0.24
21,2022-05-09 12:03:05,36.81055,-121.7839483,2.9,12.29,129.388,9.5,-7.8,0.4,0.0,112.0,118.0,120.0,0.0,100.0,-0.16
21,2022-05-09 12:03:05,36.81055,-121.7839483,3.4,3.10,91.848,3.1,-0.1,-4.6,0.0,110.0,124.0,113.0,0.0,100.0,-0.03
21,2022-05-09 12:03:05,36.81055,-121.7839483,3.9,9.95,354.232,-1.0,9.9,-6.1,0.0,108.0,129.0,106.0,0.0,100.0,0.11
21,2022-05-09 12:03:05,36.81055,-121.7839483,4.4,13.01,358.238,-0.4,13.0,-6.6,0.0,110.0,126.0,102.0,0.0,100.0,0.14
21,2022-05-09 12:03:05,36.81055,-121.7839483,4.9,15.84,105.001,15.3,-4.1,-3.3,0.0,106.0,104.0,105.0,0.0,100.0,-0.18
21,2022-05-09 12:03:05,36.81055,-121.7839483,5.4,12.80,136.582,8.8,-9.3,-0.4,0.0,104.0,100.0,111.0,0.0,100.0,-0.17
21,2022-05-09 12:03:05,36.81055,-121.7839483,5.9,11.18,136.450,7.7,-8.1,-1.7,0.0,103.0,100.0,103.0,0.0,100.0,-0.15
21,2022-05-09 12:03:05,36.81055,-121.7839483,6.4,5.63,196.504,-1.6,-5.4,-3.3,0.0,103.0,96.0,106.0,0.0,100.0,-0.04
21,2022-05-09 12:03:05,36.81055,-121.7839483,6.9,5.66,225.000,nan,nan,nan,0.0,125.0,93.0,106.0,0.0,100.0,2147483647.0
21,2022-05-09 12:03:05,36.81055,-121.7839483,7.4,17.05,175.627,nan,nan,nan,0.0,173.0,135.0,109.0,0.0,100.0,2147483647.0
21,2022-05-09 12:03:05,36.81055,-121.7839483,7.9,6.01,288.435,nan,nan,nan,0.0,182.0,174.0,152.0,0.0,100.0,2147483647.0
21,2022-05-09 12:03:05,36.81055,-121.7839483,8.4,3.45,73.142,nan,nan,nan,0.0,103.0,185.0,175.0,0.0,100.0,2147483647.0
21,2022-05-09 12:03:05,36.81055,-121.7839483,8.9,25.02,177.481,nan,nan,nan,0.0,48.0,84.0,180.0,0.0,100.0,2147483647.0
21,2022-05-09 12:03:05,36.81055,-121.7839483,9.4,10.93,327.328,nan,nan,nan,0.0,38.0,49.0,87.0,0.0,100.0,2147483647.0
21,2022-05-09 12:03:05,36.81055,-121.7839483,9.9,16.61,255.713,nan,nan,nan,0.0,35.0,37.0,56.0,0.0,100.0,2147483647.0
21,2022-05-09 12:03:05,36.81055,-121.7839483,10.4,51.65,249.249,nan,nan,nan,0.0,34.0,34.0,42.0,0.0,100.0,2147483647.0
21,2022-05-09 12:03:05,36.81055,-121.7839483,10.9,47.89,215.482,nan,nan,nan,0.0,34.0,33.0,36.0,0.0,100.0,2147483647.0
21,2022-05-09 12:03:05,36.81055,-121.7839483,11.4,39.30,270.583,nan,nan,nan,0.0,33.0,35.0,35.0,0.0,100.0,2147483647.0
22,2022-05-09 12:03:11,36.8105317,-121.7839367,0.9,13.10,54.005,10.6,7.7,-0.6,0.0,160.0,140.0,139.0,0.0,100.0,-0.01
22,2022-05-09 12:03:11,36.8105317,-121.7839367,1.4,6.37,132.455,4.7,-4.3,-1.5,0.0,150.0,134.0,134.0,0.0,100.0,-0.09
22,2022-05-09 12:03:11,36.8105317,-121.7839367,1.9,10.31,87.221,10.3,0.5,0.1,0.0,116.0,130.0,126.0,0.0,100.0,-0.09
22,2022-05-09 12:03:11,36.8105317,-121.7839367,2.4,10.49,138.865,6.9,-7.9,0.8,0.0,117.0,122.0,123.0,0.0,100.0,-0.14
22,2022-05-09 12:03:11,36.8105317,-121.7839367,2.9,8.41,161.996,2.6,-8.0,-3.0,0.0,117.0,117.0,118.0,0.0,100.0,-0.11
22,2022-05-09 12:03:11,36.8105317,-121.7839367,3.4,10.40,72.087,9.9,3.2,-0.1,0.0,115.0,111.0,114.0,0.0,100.0,-0.05
22,2022-05-09 12:03:11,36.8105317,-121.7839367,3.9,18.80,143.435,11.2,-15.1,-0.5,0.0,112.0,111.0,111.0,0.0,100.0,-0.26
22,2022-05-09 12:03:11,36.8105317,-121.7839367,4.4,14.29,133.299,10.4,-9.8,0.9,0.0,108.0,110.0,108.0,0.0,100.0,-0.19
22,2022-05-09 12:03:11,36.8105317,-121.7839367,4.9,17.04,161.884,5.3,-16.2,-1.3,0.0,105.0,110.0,104.0,0.0,100.0,-0.22
22,2022-05-09 12:03:11,36.8105317,-121.7839367,5.4,3.72,143.746,2.2,-3.0,5.6,0.0,104.0,109.0,102.0,0.0,100.0,-0.05
22,2022-05-09 12:03:11,36.8105317,-121.7839367,5.9,12.44,151.169,6.0,-10.9,2.6,0.0,104.0,107.0,98.0,0.0,100.0,-0.17
22,2022-05-09 12:03:11,36.8105317,-121.7839367,6.4,1.43,77.905,1.4,0.3,-4.4,0.0,103.0,107.0,94.0,0.0,100.0,-0.01
22,2022-05-09 12:03:11,36.8105317,-121.7839367,6.9,9.62,127.823,nan,nan,nan,0.0,147.0,110.0,94.0,0.0,100.0,2147483647.0
22,2022-05-09 12:03:11,36.8105317,-121.7839367,7.4,10.69,28.482,nan,nan,nan,0.0,179.0,168.0,126.0,0.0,100.0,2147483647.0
22,2022-05-09 12:03:11,36.8105317,-121.7839367,7.9,0.41,0.000,nan,nan,nan,0.0,183.0,185.0,175.0,0.0,100.0,2147483647.0
22,2022-05-09 12:03:11,36.8105317,-121.7839367,8.4,7.20,295.498,nan,nan,nan,0.0,67.0,164.0,183.0,0.0,100.0,2147483647.0
22,2022-05-09 12:03:11,36.8105317,-121.7839367,8.9,6.50,149.490,nan,nan,nan,0.0,45.0,67.0,115.0,0.0,100.0,2147483647.0
22,2022-05-09 12:03:11,36.8105317,-121.7839367,9.4,10.66,203.199,nan,nan,nan,0.0,41.0,46.0,62.0,0.0,100.0,2147483647.0
22,2022-05-09 12:03:11,36.8105317,-121.7839367,9.9,23.22,241.449,nan,nan,nan,0.0,37.0,38.0,44.0,0.0,100.0,2147483647.0
22,2022-05-09 12:03:11,36.8105317,-121.7839367,10.4,47.46,126.604,nan,nan,nan,0.0,35.0,35.0,38.0,0.0,100.0,2147483647.0
22,2022-05-09 12:03:11,36.8105317,-121.7839367,10.9,20.57,255.356,nan,nan,nan,0.0,34.0,33.0,36.0,0.0,100.0,2147483647.0
22,2022-05-09 12:03:11,36.8105317,-121.7839367,11.4,61.38,305.451,nan,nan,nan,0.0,33.0,33.0,34.0,0.0,100.0,2147483647.0
23,2022-05-09 12:03:17,36.8105083,-121.7839167,0.9,15.51,212.358,-8.3,-13.1,-2.6,0.0,132.0,135.0,144.0,0.0,100.0,-0.03
23,2022-05-09 12:03:17,36.8105083,-121.7839167,1.4,3.31,95.194,3.3,-0.3,-1.9,0.0,130.0,133.0,137.0,0.0,100.0,-0.03
23,2022-05-09 12:03:17,36.8105083,-121.7839167,1.9,1.81,6.340,0.2,1.8,1.8,0.0,127.0,126.0,126.0,0.0,100.0,0.01
23,2022-05-09 12:03:17,36.8105083,-121.7839167,2.4,11.90,201.176,-4.3,-11.1,1.2,0.0,121.0,123.0,124.0,0.0,100.0,-0.05
23,2022-05-09 12:03:17,36.8105083,-121.7839167,2.9,10.52,126.107,8.5,-6.2,-4.4,0.0,119.0,115.0,119.0,0.0,100.0,-0.12
23,2022-05-09 12:03:17,36.8105083,-121.7839167,3.4,5.31,137.291,3.6,-3.9,-5.5,0.0,117.0,115.0,112.0,0.0,100.0,-0.06
23,2022-05-09 12:03:17,36.8105083,-121.7839167,3.9,6.32,100.954,6.2,-1.2,-2.4,0.0,115.0,111.0,109.0,0.0,100.0,-0.06
23,2022-05-09 12:03:17,36.8105083,-121.7839167,4.4,12.32,119.687,10.7,-6.1,-0.7,0.0,107.0,109.0,109.0,0.0,100.0,-0.14
23,2022-05-09 12:03:17,36.8105083,-121.7839167,4.9,8.49,225.000,-6.0,-6.0,0.9,0.0,105.0,106.0,113.0,0.0,100.0,0.0
23,2022-05-09 12:03:17,36.8105083,-121.7839167,5.4,6.67,119.638,5.8,-3.3,-4.4,0.0,106.0,106.0,114.0,0.0,100.0,-0.07
23,2022-05-09 12:03:17,36.8105083,-121.7839167,5.9,4.39,114.228,4.0,-1.8,-2.5,0.0,104.0,110.0,108.0,0.0,100.0,-0.05
23,2022-05-09 12:03:17,36.8105083,-121.7839167,6.4,7.53,160.602,2.5,-7.1,-4.4,0.0,102.0,104.0,110.0,0.0,100.0,-0.08
23,2022-05-09 12:03:17,36.8105083,-121.7839167,6.9,7.40,80.665,nan,nan,nan,0.0,164.0,110.0,111.0,0.0,100.0,2147483647.0
23,2022-05-09 12:03:17,36.8105083,-121.7839167,7.4,8.50,241.928,nan,nan,nan,0.0,177.0,172.0,170.0,0.0,100.0,2147483647.0
23,2022-05-09 12:03:17,36.8105083,-121.7839167,7.9,7.42,334.470,nan,nan,nan,0.0,152.0,183.0,185.0,0.0,100.0,2147483647.0
23,2022-05-09 12:03:17,36.8105083,-121.7839167,8.4,14.23,114.944,nan,nan,nan,0.0,52.0,125.0,157.0,0.0,100.0,2147483647.0
23,2022-05-09 12:03:17,36.8105083,-121.7839167,8.9,13.94,306.541,nan,nan,nan,0.0,39.0,56.0,69.0,0.0,100.0,2147483647.0
23,2022-05-09 12:03:17,36.8105083,-121.7839167,9.4,46.87,279.703,nan,nan,nan,0.0,36.0,41.0,49.0,0.0,100.0,2147483647.0
23,2022-05-09 12:03:17,36.8105083,-121.7839167,9.9,56.76,254.152,nan,nan,nan,0.0,34.0,36.0,40.0,0.0,100.0,2147483647.0
23,2022-05-09 12:03:17,36.8105083,-121.7839167,10.4,65.13,217.890,nan,nan,nan,0.0,33.0,34.0,37.0,0.0,100.0,2147483647.0
23,2022-05-09 12:03:17,36.8105083,-121.7839167,10.9,102.94,282.511,nan,nan,nan,0.0,33.0,34.0,35.0,0.0,100.0,2147483647.0
23,2022-05-09 12:03:17,36.8105083,-121.7839167,11.4,46.81,203.279,nan,nan,nan,0.0,33.0,33.0,34.0,0.0,100.0,2147483647.0
24,2022-05-09 12:03:23,36.8104967,-121.7839050,0.9,15.91,281.239,-15.6,3.1,-2.5,0.0,137.0,138.0,143.0,0.0,100.0,0.16
24,2022-05-09 12:03:23,36.8104967,-121.7839050,1.4,13.54,198.970,-4.4,-12.8,-0.9,0.0,135.0,135.0,138.0,0.0,100.0,-0.04
24,2022-05-09 12:03:23,36.8104967,-121.7839050,1.9,11.61,169.077,2.2,-11.4,-2.7,0.0,123.0,128.0,129.0,0.0,100.0,-0.09
24,2022-05-09 12:03:23,36.8104967,-121.7839050,2.4,11.88,157.751,4.5,-11.0,-3.5,0.0,116.0,122.0,124.0,0.0,100.0,-0.11
24,2022-05-09 12:03:23,36.8104967,-121.7839050,2.9,4.00,181.432,-0.1,-4.0,-1.0,0.0,116.0,119.0,120.0,0.0,100.0,-0.02
24,2022-05-09 12:03:23,36.8104967,-121.7839050,3.4,18.39,145.187,10.5,-15.1,-1.2,0.0,113.0,116.0,114.0,0.0,100.0,-0.19
24,2022-05-09 12:03:23,36.8104967,-121.7839050,3.9,5.87,166.201,1.4,-5.7,-2.8,0.0,112.0,115.0,112.0,0.0,100.0,-0.05
24,2022-05-09 12:03:23,36.8104967,-121.7839050,4.4,5.96,112.694,5.5,-2.3,-0.4,0.0,112.0,110.0,110.0,0.0,100.0,-0.06
24,2022-05-09 12:03:23,36.8104967,-121.7839050,4.9,13.62,127.543,10.8,-8.3,-2.5,0.0,112.0,108.0,111.0,0.0,100.0,-0.15
24,2022-05-09 12:03:23,36.8104967,-121.7839050,5.4,13.53,98.070,13.4,-1.9,0.1,0.0,112.0,107.0,113.0,0.0,100.0,-0.13
24,2022-05-09 12:03:23,36.8104967,-121.7839050,5.9,7.17,157.011,2.8,-6.6,-2.6,0.0,111.0,105.0,108.0,0.0,100.0,-0.07
24,2022-05-09 12:03:23,36.8104967,-121.7839050,6.4,9.06,83.660,nan,nan,nan,0.0,129.0,103.0,104.0,0.0,100.0,2147483647.0
24,2022-05-09 12:03:23,36.8104967,-121.7839050,6.9,4.52,117.699,nan,nan,nan,0.0,179.0,135.0,115.0,0.0,100.0,2147483647.0
24,2022-05-09 12:03:23,36.8104967,-121.7839050,7.4,7.20,9.593,nan,nan,nan,0.0,185.0,177.0,181.0,0.0,100.0,2147483647.0
24,2022-05-09 12:03:23,36.8104967,-121.7839050,7.9,17.53,273.597,nan,nan,nan,0.0,75.0,180.0,191.0,0.0,100.0,2147483647.0
24,2022-05-09 12:03:23,36.8104967,-121.7839050,8.4,2.25,200.854,nan,nan,nan,0.0,43.0,76.0,118.0,0.0,100.0,2147483647.0
24,2022-05-09 12:03:23,36.8104967,-121.7839050,8.9,12.48,298.207,nan,nan,nan,0.0,36.0,47.0,61.0,0.0,100.0,2147483647.0
24,2022-05-09 12:03:23,36.8104967,-121.7839050,9.4,2.52,213.690,nan,nan,nan,0.0,36.0,37.0,45.0,0.0,100.0,2147483647.0
24,2022-05-09 12:03:23,36.8104967,-121.7839050,9.9,51.05,246.448,nan,nan,nan,0.0,34.0,35.0,40.0,0.0,100.0,2147483647.0
24,2022-05-09 12:03:23,36.8104967,-121.7839050,10.4,95.43,240.426,nan,nan,nan,0.0,34.0,34.0,36.0,0.0,100.0,2147483647.0
24,2022-05-09 12:03:23,36.8104967,-121.7839050,10.9,24.33,314.334,nan,nan,nan,0.0,34.0,33.0,36.0,0.0,100.0,2147483647.0
24,2022-05-09 12:03:23,36.8104967,-121.7839050,11.4,61.42,86.360,nan,nan,nan,0.0,33.0,33.0,35.0,0.0,100.0,2147483647.0
25,2022-05-09 12:03:29,36.8104817,-121.7838850,0.9,11.28,12.804,2.5,11.0,5.4,0.0,141.0,141.0,139.0,0.0,100.0,0.03
25,2022-05-09 12:03:29,36.8104817,-121.7838850,1.4,5.10,64.440,4.6,2.2,4.9,0.0,133.0,133.0,136.0,0.0,100.0,-0.03
25,2022-05-09 12:03:29,36.8104817,-121.7838850,1.9,8.81,140.528,5.6,-6.8,6.2,0.0,127.0,127.0,129.0,0.0,100.0,-0.08
25,2022-05-09 12:03:29,36.8104817,-121.7838850,2.4,8.57,187.374,-1.1,-8.5,2.2,0.0,122.0,125.0,122.0,0.0,100.0,-0.03
25,2022-05-09 12:03:29,36.8104817,-121.7838850,2.9,14.60,36.085,8.6,11.8,4.5,0.0,119.0,123.0,116.0,0.0,100.0,-0.03
25,2022-05-09 12:03:29,36.8104817,-121.7838850,3.4,15.37,146.413,8.5,-12.8,4.5,0.0,118.0,123.0,116.0,0.0,100.0,-0.14
25,2022-05-09 12:03:29,36.8104817,-121.7838850,3.9,6.57,153.825,2.9,-5.9,2.5,0.0,113.0,121.0,112.0,0.0,100.0,-0.05
25,2022-05-09 12:03:29,36.8104817,-121.7838850,4.4,13.09,251.288,-12.4,-4.2,5.1,0.0,113.0,117.0,108.0,0.0,100.0,0.1
25,2022-05-09 12:03:29,36.8104817,-121.7838850,4.9,3.92,232.253,-3.1,-2.4,6.3,0.0,107.0,113.0,110.0,0.0,100.0,0.02
25,2022-05-09 12:03:29,36.8104817,-121.7838850,5.4,13.88,173.797,1.5,-13.8,4.0,0.0,112.0,116.0,107.0,0.0,100.0,-0.08
25,2022-05-09 12:03:29,36.8104817,-121.7838850,5.9,9.25,173.797,1.0,-9.2,4.1,0.0,112.0,114.0,106.0,0.0,100.0,-0.05
25,2022-05-09 12:03:29,36.8104817,-121.7838850,6.4,5.82,85.073,nan,nan,nan,0.0,168.0,132.0,103.0,0.0,100.0,2147483647.0
25,2022-05-09 12:03:29,36.8104817,-121.7838850,6.9,2.18,74.055,nan,nan,nan,0.0,182.0,179.0,120.0,0.0,100.0,2147483647.0
25,2022-05-09 12:03:29,36.8104817,-121.7838850,7.4,8.13,193.523,nan,nan,nan,0.0,135.0,189.0,180.0,0.0,100.0,2147483647.0
25,2022-05-09 12:03:29,36.8104817,-121.7838850,7.9,6.65,102.155,nan,nan,nan,0.0,48.0,90.0,196.0,0.0,100.0,2147483647.0
25,2022-05-09 12:03:29,36.8104817,-121.7838850,8.4,14.10,271.219,nan,nan,nan,0.0,38.0,49.0,105.0,0.0,100.0,2147483647.0
25,2022-05-09 12:03:29,36.8104817,-121.7838850,8.9,22.70,270.505,nan,nan,nan,0.0,35.0,38.0,58.0,0.0,100.0,2147483647.0
25,2022-05-09 12:03:29,36.8104817,-121.7838850,9.4,53.50,254.275,nan,nan,nan,0.0,34.0,34.0,43.0,0.0,100.0,2147483647.0
25,2022-05-09 12:03:29,36.8104817,-121.7838850,9.9,35.66,232.520,nan,nan,nan,0.0,33.0,33.0,38.0,0.0,100.0,2147483647.0
25,2022-05-09 12:03:29,36.8104817,-121.7838850,10.4,62.23,209.985,nan,nan,nan,0.0,33.0,33.0,37.0,0.0,100.0,2147483647.0
25,2022-05-09 12:03:29,36.8104817,-121.7838850,10.9,61.76,211.425,nan,nan,nan,0.0,33.0,32.0,35.0,0.0,100.0,2147483647.0
25,2022-05-09 12:03:29,36.8104817,-121.7838850,11.4,47.93,231.863,nan,nan,nan,0.0,33.0,33.0,34.0,0.0,100.0,2147483647.0
26,2022-05-09 12:03:35,36.810465,-121.7838767,0.9,5.58,57.450,4.7,3.0,-6.3,0.0,134.0,134.0,138.0,0.0,100.0,-0.0
26,2022-05-09 12:03:35,36.810465,-121.7838767,1.4,3.64,20.924,1.3,3.4,-3.6,0.0,139.0,132.0,134.0,0.0,100.0,0.03
26,2022-05-09 12:03:35,36.810465,-121.7838767,1.9,3.71,62.745,3.3,1.7,-4.0,0.0,144.0,125.0,126.0,0.0,100.0,-0.01
26,2022-05-09 12:03:35,36.810465,-121.7838767,2.4,10.23,129.447,7.9,-6.5,-3.2,0.0,140.0,121.0,124.0,0.0,100.0,-0.13
26,2022-05-09 12:03:35,36.810465,-121.7838767,2.9,8.24,119.055,7.2,-4.0,-3.1,0.0,111.0,119.0,122.0,0.0,100.0,-0.09
26,2022-05-09 12:03:35,36.810465,-121.7838767,3.4,9.69,21.801,3.6,9.0,-3.1,0.0,113.0,116.0,123.0,0.0,100.0,0.07
26,2022-05-09 12:03:35,36.810465,-121.7838767,3.9,8.80,40.389,5.7,6.7,-3.4,0.0,108.0,118.0,119.0,0.0,100.0,0.03
26,2022-05-09 12:03:35,36.810465,-121.7838767,4.4,5.46,76.218,5.3,1.3,-4.0,0.0,112.0,114.0,115.0,0.0,100.0,-0.03
26,2022-05-09 12:03:35,36.810465,-121.7838767,4.9,3.84,141.340,2.4,-3.0,-4.0,0.0,110.0,111.0,111.0,0.0,100.0,-0.05
26,2022-05-09 12:03:35,36.810465,-121.7838767,5.4,15.62,96.988,15.5,-1.9,-4.3,0.0,109.0,108.0,108.0,0.0,100.0,-0.14
26,2022-05-09 12:03:35,36.810465,-121.7838767,5.9,12.40,57.848,10.5,6.6,-4.4,0.0,106.0,106.0,106.0,0.0,100.0,-0.01
26,2022-05-09 12:03:35,36.810465,-121.7838767,6.4,3.66,124.992,nan,nan,nan,0.0,151.0,124.0,112.0,0.0,100.0,2147483647.0
26,2022-05-09 12:03:35,36.810465,-121.7838767,6.9,3.55,32.347,nan,nan,nan,0.0,193.0,169.0,155.0,0.0,100.0,2147483647.0
26,2022-05-09 12:03:35,36.810465,-121.7838767,7.4,1.61,29.745,nan,nan,nan,0.0,128.0,190.0,188.0,0.0,100.0,2147483647.0
26,2022-05-09 12:03:35,36.810465,-121.7838767,7.9,12.30,340.534,nan,nan,nan,0.0,49.0,94.0,133.0,0.0,100.0,2147483647.0
26,2022-05-09 12:03:35,36.810465,-121.7838767,8.4,14.29,312.732,nan,nan,nan,0.0,39.0,51.0,63.0,0.0,100.0,2147483647.0
26,2022-05-09 12:03:35,36.810465,-121.7838767,8.9,22.65,196.675,nan,nan,nan,0.0,41.0,38.0,45.0,0.0,100.0,2147483647.0
26,2022-05-09 12:03:35,36.810465,-121.7838767,9.4,8.01,221.455,nan,nan,nan,0.0,41.0,35.0,39.0,0.0,100.0,2147483647.0
26,2022-05-09 12:03:35,36.810465,-121.7838767,9.9,30.62,235.376,nan,nan,nan,0.0,36.0,36.0,38.0,0.0,100.0,2147483647.0
26,2022-05-09 12:03:35,36.810465,-121.7838767,10.4,25.68,278.509,nan,nan,nan,0.0,34.0,36.0,37.0,0.0,100.0,2147483647.0
26,2022-05-09 12:03:35,36.810465,-121.7838767,10.9,16.23,86.468,nan,nan,nan,0.0,34.0,36.0,36.0,0.0,100.0,2147483647.0
26,2022-05-09 12:03:35,36.810465,-121.7838767,11.4,19.91,115.278,nan,nan,nan,0.0,34.0,34.0,36.0,0.0,100.0,2147483647.0
27,2022-05-09 12:03:41,36.8104417,-121.7838600,0.9,8.83,300.630,-7.6,4.5,1.9,0.0,136.0,135.0,138.0,0.0,100.0,0.08
27,2022-05-09 12:03:41,36.8104417,-121.7838600,1.4,14.45,51.464,11.3,9.0,-4.2,0.0,129.0,130.0,134.0,0.0,100.0,-0.05
27,2022-05-09 12:03:41,36.8104417,-121.7838600,1.9,7.24,116.211,6.5,-3.2,-2.5,0.0,121.0,125.0,126.0,0.0,100.0,-0.06
27,2022-05-09 12:03:41,36.8104417,-121.7838600,2.4,4.59,73.540,4.4,1.3,0.4,0.0,119.0,121.0,121.0,0.0,100.0,-0.03
27,2022-05-09 12:03:41,36.8104417,-121.7838600,2.9,12.35,144.894,7.1,-10.1,-0.4,0.0,112.0,116.0,116.0,0.0,100.0,-0.1
27,2022-05-09 12:03:41,36.8104417,-121.7838600,3.4,6.26,208.610,-3.0,-5.5,-0.1,0.0,107.0,114.0,114.0,0.0,100.0,0.0
27,2022-05-09 12:03:41,36.8104417,-121.7838600,3.9,10.07,139.028,6.6,-7.6,1.6,0.0,112.0,108.0,116.0,0.0,100.0,-0.08
27,2022-05-09 12:03:41,36.8104417,-121.7838600,4.4,11.66,84.094,11.6,1.2,3.1,0.0,109.0,108.0,110.0,0.0,100.0,-0.09
27,2022-05-09 12:03:41,36.8104417,-121.7838600,4.9,5.12,38.660,3.2,4.0,1.8,0.0,108.0,107.0,113.0,0.0,100.0,-0.01
27,2022-05-09 12:03:41,36.8104417,-121.7838600,5.4,16.54,86.186,16.5,1.1,2.0,0.0,104.0,107.0,115.0,0.0,100.0,-0.12
27,2022-05-09 12:03:41,36.8104417,-121.7838600,5.9,4.22,337.694,nan,nan,nan,0.0,122.0,105.0,113.0,0.0,100.0,2147483647.0
27,2022-05-09 12:03:41,36.8104417,-121.7838600,6.4,12.83,349.216,nan,nan,nan,0.0,183.0,169.0,143.0,0.0,100.0,2147483647.0
27,2022-05-09 12:03:41,36.8104417,-121.7838600,6.9,3.67,205.866,nan,nan,nan,0.0,192.0,189.0,179.0,0.0,100.0,2147483647.0
27,2022-05-09 12:03:41,36.8104417,-121.7838600,7.4,12.14,274.724,nan,nan,nan,0.0,79.0,128.0,179.0,0.0,100.0,2147483647.0
27,2022-05-09 12:03:41,36.8104417,-121.7838600,7.9,18.46,247.046,nan,nan,nan,0.0,45.0,55.0,77.0,0.0,100.0,2147483647.0
27,2022-05-09 12:03:41,36.8104417,-121.7838600,8.4,20.12,239.867,nan,nan,nan,0.0,37.0,40.0,49.0,0.0,100.0,2147483647.0
27,2022-05-09 12:03:41,36.8104417,-121.7838600,8.9,52.32,204.263,nan,nan,nan,0.0,34.0,35.0,41.0,0.0,100.0,2147483647.0
27,2022-05-09 12:03:41,36.8104417,-121.7838600,9.4,61.65,260.477,nan,nan,nan,0.0,33.0,37.0,37.0,0.0,100.0,2147483647.0
27,2022-05-09 12:03:41,36.8104417,-121.7838600,9.9,23.32,112.166,nan,nan,nan,0.0,34.0,40.0,36.0,0.0,100.0,2147483647.0
27,2022-05-09 12:03:41,36.8104417,-121.7838600,10.4,90.78,285.200,nan,nan,nan,0.0,34.0,39.0,36.0,0.0,100.0,2147483647.0
27,2022-05-09 12:03:41,36.8104417,-121.7838600,10.9,64.52,286.385,nan,nan,nan,0.0,34.0,37.0,34.0,0.0,100.0,2147483647.0
27,2022-05-09 12:03:41,36.8104417,-121.7838600,11.4,62.11,83.436,nan,nan,nan,0.0,33.0,35.0,34.0,0.0,100.0,2147483647.0
